zona;local;nome;endereco;bairro;cep;lat;lon;fonte;ano;cd_municipio;municipio;bairro_tse;tipo_local;secoes;secoes_agregadas;eleitores;votando_em;obs
0001;1015;INSTITUTO FEDERAL DE EDUCAÇÃO, CIÊNCIA E TECNOL DE MT (ESCOLA TÉCNICA);RUA ZULMIRA CANAVARROS, 95;CENTRO;78005200;-15.59244439;-56.09848046;"TSE eleitorado_local_votacao_2024 (gerado 05/10/2024 02:00:41; cópia fiel em raw.githubusercontent.com/hermesalvesbr/checkin-eleitoral/main/public/locais/eleitorado_local_votacao_2024_MT_part1.json)";2024;90670;CUIABÁ;CENTRO;Convencional;0147 0149 0150 0157 0158 0159 0160 0161 0169 0176 0179 0924;0156 0170 0172 0178 0180 0181 0187 0189 0191 0192 0720 0813;3864;;
0001;1104;ESCOLA ESTADUAL LICEU CUIABANO;PRAÇA GENERAL MALLET, S/N;CENTRO;78045250;-15.59306956;-56.1016325;"TSE eleitorado_local_votacao_2024 (gerado 05/10/2024 02:00:41; cópia fiel em raw.githubusercontent.com/hermesalvesbr/checkin-eleitoral/main/public/locais/eleitorado_local_votacao_2024_MT_part1.json)";2024;90670;CUIABÁ;CENTRO;Convencional;0166 0202 0203 0511 0512 0513 0819 0841 0843 0844 1170;;4329;;
0001;1260;INSS - SUPERINTENDÊNCIA;AV. GETULIO VARGAS, 553;CENTRO;78045300;-15.59567861;-56.09850414;"TSE eleitorado_local_votacao_2024 (gerado 05/10/2024 02:00:41; cópia fiel em raw.githubusercontent.com/hermesalvesbr/checkin-eleitoral/main/public/locais/eleitorado_local_votacao_2024_MT_part1.json)";2024;90670;CUIABÁ;CENTRO;Convencional;0154 0174 0186;0175 0182 0183 0185 0499 0847;1015;;
0001;1945;ESCOLA ESTADUAL ALCEBÍADES CALLAO;RUA FILINTO MULLER, S/N;QUILOMBO;78043100;-15.58597034;-56.10402399;"TSE eleitorado_local_votacao_2024 (gerado 05/10/2024 02:00:41; cópia fiel em raw.githubusercontent.com/hermesalvesbr/checkin-eleitoral/main/public/locais/eleitorado_local_votacao_2024_MT_part1.json)";2024;90670;CUIABÁ;QUILOMBO;Convencional;0447 0448 0449 0737 0845 0849 0917 1162 1172;;3547;;
0001;2437;ESCOLA MUNICIPAL GLÁUCIA MARIA BORGES GARCIA;AV. PRESIDENTE AFONSO PENA, 400;DESPRAIADO;78010000;-15.56869939;-56.09727464;"TSE eleitorado_local_votacao_2024 (gerado 05/10/2024 02:00:41; cópia fiel em raw.githubusercontent.com/hermesalvesbr/checkin-eleitoral/main/public/locais/eleitorado_local_votacao_2024_MT_part1.json)";2024;90670;CUIABÁ;DESPRAIADO;Convencional;0850 0851 0852 0853 0912 0922 0923 0930 1160 1173;;3848;;
0001;2470;ESCOLA MUNICIPAL UDENEY GONÇALVES DE AMORIM;RUA PRINCIPAL, SN;AGUAÇU;78104000;-15.28187081;-56.13030683;"TSE eleitorado_local_votacao_2024 (gerado 05/10/2024 02:00:41; cópia fiel em raw.githubusercontent.com/hermesalvesbr/checkin-eleitoral/main/public/locais/eleitorado_local_votacao_2024_MT_part1.json)";2024;90670;CUIABÁ;AGUAÇU;Convencional;0868 0869 0927;;883;;
0001;2488;ESCOLA MUNICIPAL CÂNDIDO MARIANO DA SILVA RONDON;RUA PIRATININGA, 101;ALVORADA;78048630;-15.57966743;-56.0812166;"TSE eleitorado_local_votacao_2024 (gerado 05/10/2024 02:00:41; cópia fiel em raw.githubusercontent.com/hermesalvesbr/checkin-eleitoral/main/public/locais/eleitorado_local_votacao_2024_MT_part1.json)";2024;90670;CUIABÁ;ALVORADA;Convencional;0870 0871 0872 0873 0874 0875 0876 0877 0878 0879 0880 0881;;4685;;
0001;2526;ESCOLA ESTADUAL ANDRÉ LUIZ DA SILVA REIS;RUA K, S/N;MIGUEL SUTIL;78000000;-15.58546519;-56.08337346;"TSE eleitorado_local_votacao_2024 (gerado 05/10/2024 02:00:41; cópia fiel em raw.githubusercontent.com/hermesalvesbr/checkin-eleitoral/main/public/locais/eleitorado_local_votacao_2024_MT_part1.json)";2024;90670;CUIABÁ;MIGUEL SUTIL;Convencional;0900 0901 0902 0903 0904 0905 0906 0907;;2370;2550 ESCOLA CHAVE DO SABER;"todas as seções votam em local temporário; bairro/coordenadas são do local temporário"
0001;2550;ESCOLA CHAVE DO SABER;RUA JOSÉ DA SILVA MONTEIRO, 05;MIGUEL SUTIL;78000000;-15.58546519;-56.08337346;"TSE eleitorado_local_votacao_2024 (gerado 05/10/2024 02:00:41; cópia fiel em raw.githubusercontent.com/hermesalvesbr/checkin-eleitoral/main/public/locais/eleitorado_local_votacao_2024_MT_part1.json)";2024;90670;CUIABÁ;MIGUEL SUTIL;Convencional;0915 0920 0929 0936;;1488;;
0001;2593;COLÉGIO MAXI;RUA ESTEVÃO DE MENDONÇA, 1000;QUILOMBO;78043405;-15.58960576;-56.10496003;"TSE eleitorado_local_votacao_2024 (gerado 05/10/2024 02:00:41; cópia fiel em raw.githubusercontent.com/hermesalvesbr/checkin-eleitoral/main/public/locais/eleitorado_local_votacao_2024_MT_part1.json)";2024;90670;CUIABÁ;QUILOMBO;Convencional;0501 0502 0503 0504 0505 0506 0507 0508 0509 0510 0761 0793 0916 0932 1161 1166;;6314;;
0001;2615;ESCOLA MUNICIPAL DE ENSINO BÁSICO PROFESSOR RANULPHO PAES DE BARROS;RUA DR. CELSO MENDES QUINTELA, S/N;JARDIM SANTA ISABEL;78035030;-15.5994192;-56.13382542;"TSE eleitorado_local_votacao_2024 (gerado 05/10/2024 02:00:41; cópia fiel em raw.githubusercontent.com/hermesalvesbr/checkin-eleitoral/main/public/locais/eleitorado_local_votacao_2024_MT_part1.json)";2024;90670;CUIABÁ;JARDIM SANTA ISABEL;Convencional;0966 0967 0968 0969 0970 0971 0972 0973 0974 0975 0976 0977 0978 0979 0980 0981 1032 1033 1034 1035 1036;;5158;;
0001;2623;ESCOLA ESTADUAL PROFESSOR ULISSES CUIABANO;RUA DOS MIOSOTIS, 555;JARDIM CUIABÁ;78043116;-15.59546155;-56.11881112;"TSE eleitorado_local_votacao_2024 (gerado 05/10/2024 02:00:41; cópia fiel em raw.githubusercontent.com/hermesalvesbr/checkin-eleitoral/main/public/locais/eleitorado_local_votacao_2024_MT_part1.json)";2024;90670;CUIABÁ;JARDIM CUIABÁ;Convencional;0982 0983 0984 0985 0986 0987 0988 0989 0990 0991 0992;;3717;;
0001;2640;ESCOLA ESTADUAL DE PRIMEIRO GRAU PADRE WANIR DELFINO CÉSAR;AV. TAPUÃ, 421;NOVO TERCEIRO;78028305;-15.61541525;-56.1319638;"TSE eleitorado_local_votacao_2024 (gerado 05/10/2024 02:00:41; cópia fiel em raw.githubusercontent.com/hermesalvesbr/checkin-eleitoral/main/public/locais/eleitorado_local_votacao_2024_MT_part1.json)";2024;90670;CUIABÁ;NOVO TERCEIRO;Convencional;0996 0997 0998 0999 1000 1001 1002 1003 1004 1005;;2939;;
0001;2658;ESCOLA ESTADUAL DE PRIMEIRO E SEGUNDO GRAUS PROF MARCELINA DE CAMPOS;AV. PRINCIPAL, 472;JARDIM SANTA ISABEL;78035030;-15.59903037;-56.13308445;"TSE eleitorado_local_votacao_2024 (gerado 05/10/2024 02:00:41; cópia fiel em raw.githubusercontent.com/hermesalvesbr/checkin-eleitoral/main/public/locais/eleitorado_local_votacao_2024_MT_part1.json)";2024;90670;CUIABÁ;JARDIM SANTA ISABEL;Convencional;1006 1007 1008 1009 1010 1011 1012 1013;;2589;2879 ESCOLA MUNICIPAL DE ENSINO BÁSICO MARIA EUNICE DUARTE DE BARROS | 2950 IGREJA CATÓLICA SANTA ISABEL;"todas as seções votam em local temporário; bairro/coordenadas são do local temporário"
0001;2666;ESCOLA MUNICIPAL DE ENSINO BÁSICO NOSSA SENHORA APARECIDA;RUA FREI QUIRINO, 222;JARDIM NOVO COLORADO;78040430;-15.56617907;-56.11695667;"TSE eleitorado_local_votacao_2024 (gerado 05/10/2024 02:00:41; cópia fiel em raw.githubusercontent.com/hermesalvesbr/checkin-eleitoral/main/public/locais/eleitorado_local_votacao_2024_MT_part1.json)";2024;90670;CUIABÁ;JARDIM NOVO COLORADO;Convencional;1014 1015 1016 1017 1018 1019 1020 1164;;3137;;
0001;2712;ESCOLA MUNICIPAL DE PRIMEIRO GRAU MARIA TOMICH MONTEIRO DA SILVA;AV. MARIO PALMA , S/N;RIBEIRÃO DO LIPA;78048145;-15.56134042;-56.11297982;"TSE eleitorado_local_votacao_2024 (gerado 05/10/2024 02:00:41; cópia fiel em raw.githubusercontent.com/hermesalvesbr/checkin-eleitoral/main/public/locais/eleitorado_local_votacao_2024_MT_part1.json)";2024;90670;CUIABÁ;RIBEIRÃO DO LIPA;Convencional;1037 1038 1039 1040 1041 1042 1043 1159 1167;;3544;;
0001;2720;ESCOLA MUNICIPAL DE ENSINO BÁSICO ESMERALDA DE CAMPOS FONTES;RUA BOLÍVIA, 365;RIBEIRÃO DA PONTE;78040530;-15.580097;-56.118146;"TSE eleitorado_local_votacao_2024 (gerado 05/10/2024 02:00:41; cópia fiel em raw.githubusercontent.com/hermesalvesbr/checkin-eleitoral/main/public/locais/eleitorado_local_votacao_2024_MT_part1.json)";2024;90670;CUIABÁ;RIBEIRÃO DA PONTE;Temporário;1044 1045 1046 1047 1048 1049 1050 1051 1052;;3240;2968 IGREJA CATÓLICA SANTA ISABEL DE HUNGRIA;"todas as seções votam em local temporário; bairro/coordenadas são do local temporário"
0001;2739;ESC MUN RURAL DE ENSINO BÁSICO PROF HILDA CAETANO DE OLIVEIRA LEITE;ESTRADA VELHA DA GUIA, KM 9;SUCURI;78042202;-15.54784761;-56.15825961;"TSE eleitorado_local_votacao_2024 (gerado 05/10/2024 02:00:41; cópia fiel em raw.githubusercontent.com/hermesalvesbr/checkin-eleitoral/main/public/locais/eleitorado_local_votacao_2024_MT_part1.json)";2024;90670;CUIABÁ;SUCURI;Convencional;1053 1055 1056 1165;;1364;;
0001;2755;ESCOLA ESTADUAL DE 1 E 2 GRAUS ALINA TOCANTINS;AV. IPIRANGA, N 2560;CIDADE ALTA;78005000;-15.61121397;-56.120698;"TSE eleitorado_local_votacao_2024 (gerado 05/10/2024 02:00:41; cópia fiel em raw.githubusercontent.com/hermesalvesbr/checkin-eleitoral/main/public/locais/eleitorado_local_votacao_2024_MT_part1.json)";2024;90670;CUIABÁ;CIDADE ALTA;Convencional;1060 1061 1062 1063 1064 1065 1066 1067 1068 1069;;2950;;
0001;2780;ESCOLA ESTADUAL AUREOLINA EUSTÁCIA RIBEIRO;AV. GENEROSO MALHEIROS, 305;CIDADE VERDE;78028685;-15.61096046;-56.13244005;"TSE eleitorado_local_votacao_2024 (gerado 05/10/2024 02:00:41; cópia fiel em raw.githubusercontent.com/hermesalvesbr/checkin-eleitoral/main/public/locais/eleitorado_local_votacao_2024_MT_part1.json)";2024;90670;CUIABÁ;CIDADE VERDE;Convencional;1078 1079 1080 1081 1082 1083 1084;;2087;;
0001;2801;ESCOLA MUNICIPAL PROFESSORA MARIA LUCILA DA SILVA BARROS;RUA PRINCIPAL 90;JARDIM UBIRAJARA;78048100;-15.55947596;-56.09080774;"TSE eleitorado_local_votacao_2024 (gerado 05/10/2024 02:00:41; cópia fiel em raw.githubusercontent.com/hermesalvesbr/checkin-eleitoral/main/public/locais/eleitorado_local_votacao_2024_MT_part1.json)";2024;90670;CUIABÁ;JARDIM UBIRAJARA;Convencional;0854 0855 0856 0857 0858 1087 1171;;2537;;
0001;2810;ESCOLA MUNICIPAL DE EDUCAÇÃO BÁSICA PROFESSOR FRANCISVAL DE BRITO;RUA JOÃO PAULO DOS SANTOS, S/N;COOPHAMIL;78028165;-15.61869784;-56.12907175;"TSE eleitorado_local_votacao_2024 (gerado 05/10/2024 02:00:41; cópia fiel em raw.githubusercontent.com/hermesalvesbr/checkin-eleitoral/main/public/locais/eleitorado_local_votacao_2024_MT_part1.json)";2024;90670;CUIABÁ;COOPHAMIL;Convencional;1088 1089 1090 1091 1092 1093 1094 1095 1096 1097 1098 1099;;3856;;
0001;2828;ESCOLA MUNICIPAL DE ENSINO BÁSICO PROFESSORA RITA CALDAS CASTRILLON;RUA PROGRESSO, S/N;JARDIM UBATÃ;78028020;-15.61849691;-56.12341103;"TSE eleitorado_local_votacao_2024 (gerado 05/10/2024 02:00:41; cópia fiel em raw.githubusercontent.com/hermesalvesbr/checkin-eleitoral/main/public/locais/eleitorado_local_votacao_2024_MT_part1.json)";2024;90670;CUIABÁ;JARDIM UBATÃ;Convencional;1102 1104;1100 1103;560;;
0001;2844;ESCOLA ESTADUAL JOSÉ BARNABÉ DE MESQUITA;RUA BARÃO DE MELGACO, 945;PORTO;78025300;-15.61326388;-56.11399532;"TSE eleitorado_local_votacao_2024 (gerado 05/10/2024 02:00:41; cópia fiel em raw.githubusercontent.com/hermesalvesbr/checkin-eleitoral/main/public/locais/eleitorado_local_votacao_2024_MT_part1.json)";2024;90670;CUIABÁ;PORTO;Convencional;1028 1029 1030 1031 1114 1115 1116 1117 1118 1119 1120 1121 1122 1123 1124 1125 1126;;4709;;
0001;2852;ESCOLA MUNICIPAL DE ENSINO BÁSICO PROFESSORA ALZIRA VALLADARES;AV. BRASIL, 883;JARDIM INDEPENDÊNCIA;78031075;-15.60134166;-56.1140047;"TSE eleitorado_local_votacao_2024 (gerado 05/10/2024 02:00:41; cópia fiel em raw.githubusercontent.com/hermesalvesbr/checkin-eleitoral/main/public/locais/eleitorado_local_votacao_2024_MT_part1.json)";2024;90670;CUIABÁ;JARDIM INDEPENDÊNCIA;Convencional;1024 1025 1026 1027 1127 1128 1129 1130 1131 1169 1181;;3551;;
0001;2860;DEPARTAMENTO NACIONAL DE INFRAESTRUTURA DE TRANSPORTES - DNIT;RUA 13 DE JUNHO, 1296;PORTO;78020900;-15.60687899;-56.10302224;"TSE eleitorado_local_votacao_2024 (gerado 05/10/2024 02:00:41; cópia fiel em raw.githubusercontent.com/hermesalvesbr/checkin-eleitoral/main/public/locais/eleitorado_local_votacao_2024_MT_part1.json)";2024;90670;CUIABÁ;PORTO;Convencional;1070 1073 1132 1133;1071 1072 1134 1135;1254;;
0001;2879;ESCOLA MUNICIPAL DE ENSINO BÁSICO MARIA EUNICE DUARTE DE BARROS;RUA DR. CELSO MENDES QUINTELA, 356;JARDIM SANTA ISABEL;78035030;-15.59903037;-56.13308445;"TSE eleitorado_local_votacao_2024 (gerado 05/10/2024 02:00:41; cópia fiel em raw.githubusercontent.com/hermesalvesbr/checkin-eleitoral/main/public/locais/eleitorado_local_votacao_2024_MT_part1.json)";2024;90670;CUIABÁ;JARDIM SANTA ISABEL;Convencional;1136 1137 1138 1139 1140 1141 1142 1143 1144 1145;;3027;;
0001;2887;ESCOLA MUNICIPAL DE ENSINO BÁSICO ADELINA PEREIRA VENTURA;RUA PADRE ROLIM, S/N;JARDIM INDEPENDÊNCIA;78031045;-15.60403961;-56.11449795;"TSE eleitorado_local_votacao_2024 (gerado 05/10/2024 02:00:41; cópia fiel em raw.githubusercontent.com/hermesalvesbr/checkin-eleitoral/main/public/locais/eleitorado_local_votacao_2024_MT_part1.json)";2024;90670;CUIABÁ;JARDIM INDEPENDÊNCIA;Convencional;1146 1147 1148 1149;;1033;;
0001;2917;ESCOLA ESTADUAL FILOGONIO CORRÊA;AV SINFRONIO DE CAMARGO, N 691;NOSSA SENHORA DA GUIA (DISTRITO);78104000;-15.35063705;-56.23340524;"TSE eleitorado_local_votacao_2024 (gerado 05/10/2024 02:00:41; cópia fiel em raw.githubusercontent.com/hermesalvesbr/checkin-eleitoral/main/public/locais/eleitorado_local_votacao_2024_MT_part1.json)";2024;90670;CUIABÁ;NOSSA SENHORA DA GUIA (DISTRITO);Convencional;0862 0863 0864 0865 0866 0867 0926 0935 1168 1175;;3133;;
0001;2925;ARENA PANTANAL;AVENIDA AGRICOLA PAES DE BARROS, 78030210;VERDÃO;78030210;-15.60427073;-56.12070321;"TSE eleitorado_local_votacao_2024 (gerado 05/10/2024 02:00:41; cópia fiel em raw.githubusercontent.com/hermesalvesbr/checkin-eleitoral/main/public/locais/eleitorado_local_votacao_2024_MT_part1.json)";2024;90670;CUIABÁ;VERDÃO;Convencional;1150 1151 1152 1153 1154 1155 1156 1163 1174 1180 1182;;4309;;
0001;2933;FATEC - SENAI FACULDADE DE TECNOLOGIA SENAI MT;AVENIDA 15 DE NOVEMBRO, N 303;PORTO;78020300;-15.60889211;-56.09984619;"TSE eleitorado_local_votacao_2024 (gerado 05/10/2024 02:00:41; cópia fiel em raw.githubusercontent.com/hermesalvesbr/checkin-eleitoral/main/public/locais/eleitorado_local_votacao_2024_MT_part1.json)";2024;90670;CUIABÁ;PORTO;Convencional;0190 0838 0994 1057 1075 1106 1108 1109 1110 1113 1157;0908 0993 0995 1058 1059 1074 1076 1077 1105 1107 1111 1112 1158 1177;4159;;
0001;2941;APAE - ASSOCIAÇÃO DE PAIS E AMIGOS DOS EXCEPCIONAIS CUIABÁ - MT;RUA MAJOR GAMA, N 600;CENTRO SUL;78020170;-15.60737455;-56.10038997;"TSE eleitorado_local_votacao_2024 (gerado 05/10/2024 02:00:41; cópia fiel em raw.githubusercontent.com/hermesalvesbr/checkin-eleitoral/main/public/locais/eleitorado_local_votacao_2024_MT_part1.json)";2024;90670;CUIABÁ;CENTRO SUL;Convencional;1021 1022 1086;1023 1085 1176;1346;;
0039;1708;ESCOLA MUNICIPAL EDUCAÇÃO BÁSICA EZEQUIEL POMPEU RIBEIRO DE SIQUEIRA;RUA MANOEL LEOPOLDINO, 403;ARAÉS;78005550;-15.58568227;-56.09440268;"TSE eleitorado_local_votacao_2024 (gerado 05/10/2024 02:00:41; cópia fiel em raw.githubusercontent.com/hermesalvesbr/checkin-eleitoral/main/public/locais/eleitorado_local_votacao_2024_MT_part1.json)";2024;90670;CUIABÁ;ARAÉS;Convencional;0364 0366 0368 0370;0365 0367 0369 0371;1566;;
0039;1732;ESCOLA ESTADUAL ANTÔNIO CESÁRIO DE FIGUEIREDO NETO;TRAVESSA FREI AMBRÓSIO, 143;BANDEIRANTES;78010130;-15.60167166;-56.09396363;"TSE eleitorado_local_votacao_2024 (gerado 05/10/2024 02:00:41; cópia fiel em raw.githubusercontent.com/hermesalvesbr/checkin-eleitoral/main/public/locais/eleitorado_local_votacao_2024_MT_part1.json)";2024;90670;CUIABÁ;BANDEIRANTES;Convencional;0379 0382 0385 0388;0380 0381 0383 0384 0386 0387;1340;;
0039;1740;ESCOLA ESTADUAL JOÃO BRIENNE DE CAMARGO;AV. JOÃO GOMES SOBRINHO, 1092;LIXEIRA;78008800;-15.59616213;-56.07911672;"TSE eleitorado_local_votacao_2024 (gerado 05/10/2024 02:00:41; cópia fiel em raw.githubusercontent.com/hermesalvesbr/checkin-eleitoral/main/public/locais/eleitorado_local_votacao_2024_MT_part1.json)";2024;90670;CUIABÁ;LIXEIRA;Convencional;0389 0390 0391 0392 0393 0394 0395 0396 0397 0398 0399 0400 0401;;4160;;
0039;1759;ESCOLA ESTADUAL BARÃO DE MELGAÇO/ESCOLA CESÁRIO NETO;TRAVESSA FREI AMBRÓSIO N 143, SEDE DA ESCOLA ANTONIO CESÁRIO NETO;BANDEIRANTES;78020300;-15.60167166;-56.09387447;"TSE eleitorado_local_votacao_2024 (gerado 05/10/2024 02:00:41; cópia fiel em raw.githubusercontent.com/hermesalvesbr/checkin-eleitoral/main/public/locais/eleitorado_local_votacao_2024_MT_part1.json)";2024;90670;CUIABÁ;BANDEIRANTES;Convencional;0402 0404 0406 0408;0403 0405 0407 0409 0410;1413;1732 ESCOLA ESTADUAL ANTÔNIO CESÁRIO DE FIGUEIREDO NETO;parte das seções vota em local temporário
0039;1775;ESCOLA ESTADUAL SANTOS DUMONT;FUNCIONARÁ NA UNIFACC (ANTIGA FACULD AFIRMATIVO)-RUA PIMENTA BUENO 534;DOM AQUINO;78015070;-15.6092895;-56.0988534;"TSE eleitorado_local_votacao_2024 (gerado 05/10/2024 02:00:41; cópia fiel em raw.githubusercontent.com/hermesalvesbr/checkin-eleitoral/main/public/locais/eleitorado_local_votacao_2024_MT_part1.json)";2024;90670;CUIABÁ;DOM AQUINO;Convencional;0411 0412 0413 0414 0415 0416 0417 0418 0419 0420 0421 0422 0423;;4128;;
0039;1783;ESCOLA MUNICIPAL DE EDUCAÇÃO BÁSICA TEREZA LOBO;AV. CARMINDO DE CAMPOS 3622;DOM AQUINO;78006584;-15.61331187;-56.09922007;"TSE eleitorado_local_votacao_2024 (gerado 05/10/2024 02:00:41; cópia fiel em raw.githubusercontent.com/hermesalvesbr/checkin-eleitoral/main/public/locais/eleitorado_local_votacao_2024_MT_part1.json)";2024;90670;CUIABÁ;DOM AQUINO;Convencional;0424 0425 0426 0427 0428 0429 0706 0716;;3122;;
0039;1791;ESCOLA ESTADUAL ANTONIO PINHO MACIEL EPAMINONDAS;RUA PADRE REMETER, 55;LIXEIRA;78008000;-15.59286266;-56.08470998;"TSE eleitorado_local_votacao_2024 (gerado 05/10/2024 02:00:41; cópia fiel em raw.githubusercontent.com/hermesalvesbr/checkin-eleitoral/main/public/locais/eleitorado_local_votacao_2024_MT_part1.json)";2024;90670;CUIABÁ;LIXEIRA;Convencional;0430 0432 0434 0436 0438;0431 0433 0435 0437 0439;1608;;
0039;1805;ESCOLA ESTADUAL JOAQUINA CERQUEIRA CALDAS;RUA PAPA JOÃO XXIII, 811;POÇÃO;78010220;-15.60264624;-56.08864063;"TSE eleitorado_local_votacao_2024 (gerado 05/10/2024 02:00:41; cópia fiel em raw.githubusercontent.com/hermesalvesbr/checkin-eleitoral/main/public/locais/eleitorado_local_votacao_2024_MT_part1.json)";2024;90670;CUIABÁ;POÇÃO;Convencional;0440 0441 0442 0443 0444 0445 0446 0447;;2476;;
0039;1813;ESCOLA MUNICIPAL DE EDUCAÇÃO BÁSICA AGOSTINHO SIMPLÍCIO DE FIGUEIREDO;AV. AMARÍLIO DE ALMEIDA, 828;POÇÃO;78015800;-15.60715186;-56.08599334;"TSE eleitorado_local_votacao_2024 (gerado 05/10/2024 02:00:41; cópia fiel em raw.githubusercontent.com/hermesalvesbr/checkin-eleitoral/main/public/locais/eleitorado_local_votacao_2024_MT_part1.json)";2024;90670;CUIABÁ;POÇÃO;Convencional;0448 0449 0450 0451 0452 0453;;1570;;
0039;1821;ESCOLA MUNICIPAL DE EDUCAÇÃO BÁSICA HENRIQUE DA SILVA PRADO;R. CASTRO ALVES, 400;AREÃO;78010270;-15.60138058;-56.08367454;"TSE eleitorado_local_votacao_2024 (gerado 05/10/2024 02:00:41; cópia fiel em raw.githubusercontent.com/hermesalvesbr/checkin-eleitoral/main/public/locais/eleitorado_local_votacao_2024_MT_part1.json)";2024;90670;CUIABÁ;AREÃO;Convencional;0454 0455 0456 0457 0458 0459 0460;;2100;;
0039;1830;ESCOLA MUNICIPAL DE EDUCAÇÃO BÁSICA ANTONIO FERREIRA VALENTIM;RUA M, 49;BARBADO;78065781;-15.62232466;-56.07778504;"TSE eleitorado_local_votacao_2024 (gerado 05/10/2024 02:00:41; cópia fiel em raw.githubusercontent.com/hermesalvesbr/checkin-eleitoral/main/public/locais/eleitorado_local_votacao_2024_MT_part1.json)";2024;90670;CUIABÁ;BARBADO;Convencional;0461 0463;0462 0464;836;;
0039;1848;ESCOLA MUNICIPAL DE EDUCAÇÃO BÁSICA FILOGONIO CORREA;RUA PRESIDENTE MÉDICI 557;CAMPO VELHO;78065250;-15.61862557;-56.08210489;"TSE eleitorado_local_votacao_2024 (gerado 05/10/2024 02:00:41; cópia fiel em raw.githubusercontent.com/hermesalvesbr/checkin-eleitoral/main/public/locais/eleitorado_local_votacao_2024_MT_part1.json)";2024;90670;CUIABÁ;CAMPO VELHO;Convencional;0465 0466 0467 0468 0469 0470;;1583;;
0039;1856;ESCOLA ESTADUAL RAIMUNDO PINHEIRO DA SILVA;FUNCIONARÁ NA ESCOLA SOUZA BANDEIRA - AV. FERNANDO CORREA, 214;JARDIM SHANGRI-LÁ 1;78070001;-15.62335617;-56.06320636;"TSE eleitorado_local_votacao_2024 (gerado 05/10/2024 02:00:41; cópia fiel em raw.githubusercontent.com/hermesalvesbr/checkin-eleitoral/main/public/locais/eleitorado_local_votacao_2024_MT_part1.json)";2024;90670;CUIABÁ;JARDIM SHANGRI-LÁ 1;Convencional;0471 0473 0475 0477 0479;0472 0474 0476 0478;1473;;
0039;1864;CEJA PROF. VERA PEREIRA DO NASCIMENTO/ ESCOLA ESTADUAL RAIO DE SOL;RUA RIO MANSO S/N QUADRA 13;GRANDE TERCEIRO;78000000;-15.62498733;-56.08005095;"TSE eleitorado_local_votacao_2024 (gerado 05/10/2024 02:00:41; cópia fiel em raw.githubusercontent.com/hermesalvesbr/checkin-eleitoral/main/public/locais/eleitorado_local_votacao_2024_MT_part1.json)";2024;90670;CUIABÁ;GRANDE TERCEIRO;Convencional;0480 0481 0482 0483 0484 0485 0487 0488 0489;;3298;;
0039;1880;ESCOLA ESTADUAL PADRE ERNESTO CAMILO BARRETO;R. FORTALEZA    231;JARDIM PAULISTA;78065300;-15.61720114;-56.08470077;"TSE eleitorado_local_votacao_2024 (gerado 05/10/2024 02:00:41; cópia fiel em raw.githubusercontent.com/hermesalvesbr/checkin-eleitoral/main/public/locais/eleitorado_local_votacao_2024_MT_part1.json)";2024;90670;CUIABÁ;JARDIM PAULISTA;Convencional;0496 0497 0498 0499 0500 0501 0502 0503 0504 0505 0506;;3326;;
0039;1899;ESCOLA MUNICIPAL DE EDUCAÇÃO BÁSICA HÉLIO SOUZA VIEIRA;RUA PARANAPUÃ, N 30;PRAEIRO;78070460;-15.63019565;-56.07476274;"TSE eleitorado_local_votacao_2024 (gerado 05/10/2024 02:00:41; cópia fiel em raw.githubusercontent.com/hermesalvesbr/checkin-eleitoral/main/public/locais/eleitorado_local_votacao_2024_MT_part1.json)";2024;90670;CUIABÁ;PRAEIRO;Convencional;0507 0508 0509 0510 0511 0512 0513;;1731;;
0039;1902;ESCOLA ESTADUAL SOUZA BANDEIRA;AV FERNANDO CORREA DA COSTA, 214;JARDIM SHANGRI-LÁ;78070001;-15.62156252;-56.06527707;"TSE eleitorado_local_votacao_2024 (gerado 05/10/2024 02:00:41; cópia fiel em raw.githubusercontent.com/hermesalvesbr/checkin-eleitoral/main/public/locais/eleitorado_local_votacao_2024_MT_part1.json)";2024;90670;CUIABÁ;JARDIM SHANGRI-LÁ;Convencional;0514 0515 0516 0517 0518 0701;0731;2449;1856 ESCOLA ESTADUAL RAIMUNDO PINHEIRO DA SILVA;parte das seções vota em local temporário
0039;1910;ESCOLA MUNICIPAL DE EDUCAÇÃO BÁSICA SANTA CECILIA;R. TIRADENTES, 162;PICO DO AMOR;78065200;-15.6098879;-56.08064903;"TSE eleitorado_local_votacao_2024 (gerado 05/10/2024 02:00:41; cópia fiel em raw.githubusercontent.com/hermesalvesbr/checkin-eleitoral/main/public/locais/eleitorado_local_votacao_2024_MT_part1.json)";2024;90670;CUIABÁ;PICO DO AMOR;Convencional;0519 0520 0521 0522 0715;;1613;;
0039;1929;ESCOLA MUNICIPAL DE EDUCAÇÃO BÁSICA DOM BOSCO DO PRAEIRINHO;RUA PACAEMBU S/N;PRAEIRINHO;78070550;-15.63221339;-56.07612158;"TSE eleitorado_local_votacao_2024 (gerado 05/10/2024 02:00:41; cópia fiel em raw.githubusercontent.com/hermesalvesbr/checkin-eleitoral/main/public/locais/eleitorado_local_votacao_2024_MT_part1.json)";2024;90670;CUIABÁ;PRAEIRINHO;Convencional;0523 0524 0525 0526;;1235;;
0039;1945;ESCOLA ESTADUAL PRESIDENTE MÉDICI;AV. MATO GROSSO, 564;ARAÉS;78030385;-15.58941134;-56.09626815;"TSE eleitorado_local_votacao_2024 (gerado 05/10/2024 02:00:41; cópia fiel em raw.githubusercontent.com/hermesalvesbr/checkin-eleitoral/main/public/locais/eleitorado_local_votacao_2024_MT_part1.json)";2024;90670;CUIABÁ;ARAÉS;Convencional;0527 0528 0529 0530 0531 0532 0533 0534 0535 0536 0537 0538 0539 0540 0541;;4327;;
0039;1953;ESCOLA MUNICIPAL DE EDUCAÇÃO BÁSICA JUAREZ SODRÉ FARIAS;RUA JOÃO CARLOS PEREIRA LEITE, S/N;ARAÉS;78005570;-15.58443272;-56.08981929;"TSE eleitorado_local_votacao_2024 (gerado 05/10/2024 02:00:41; cópia fiel em raw.githubusercontent.com/hermesalvesbr/checkin-eleitoral/main/public/locais/eleitorado_local_votacao_2024_MT_part1.json)";2024;90670;CUIABÁ;ARAÉS;Convencional;0542 0543 0544;;911;;
0039;1961;ESCOLA ESTADUAL FRANCISCO ALEXANDRE FERREIRA MENDES;RUA 38, N. 363;BOA ESPERANÇA;78000000;-15.61471588;-56.06306682;"TSE eleitorado_local_votacao_2024 (gerado 05/10/2024 02:00:41; cópia fiel em raw.githubusercontent.com/hermesalvesbr/checkin-eleitoral/main/public/locais/eleitorado_local_votacao_2024_MT_part1.json)";2024;90670;CUIABÁ;BOA ESPERANÇA;Convencional;0545 0546 0547 0548 0549 0550 0551 0552 0553 0554 0555 0556 0557 0558 0704;;5896;;
0039;1970;ESCOLA MUNICIPAL DE EDUCAÇÃO BÁSICA JESCELINO JOSÉ REINERS;RUA DOURADA, 199 (ANTIGA ESCOLA HÉLIO PALMA);PLANALTO;78000000;-15.58444382;-56.04171134;"TSE eleitorado_local_votacao_2024 (gerado 05/10/2024 02:00:41; cópia fiel em raw.githubusercontent.com/hermesalvesbr/checkin-eleitoral/main/public/locais/eleitorado_local_votacao_2024_MT_part1.json)";2024;90670;CUIABÁ;PLANALTO;Convencional;0559 0560 0561 0562 0563 0565 0566 0567;;2084;;
0039;1988;ESCOLA MUNICIPAL DE EDUCAÇÃO BÁSICA DOUTOR ORLANDO NIGRO;RUA MAMORÉ, N 229;PEDREGAL;78000000;-15.5991407;-56.07015417;"TSE eleitorado_local_votacao_2024 (gerado 05/10/2024 02:00:41; cópia fiel em raw.githubusercontent.com/hermesalvesbr/checkin-eleitoral/main/public/locais/eleitorado_local_votacao_2024_MT_part1.json)";2024;90670;CUIABÁ;PEDREGAL;Convencional;0568 0569 0570 0571 0572 0573 0574 0575 0576 0577 0578 0579 0674 0675 0719;;4365;;
0039;1996;ESCOLA MUNICIPAL DE EDUCAÇÃO BÁSICA SILVINO LEITE DE ARRUDA;RUA NEBLINA, 167;PLANALTO;78058664;-15.58142347;-56.03744735;"TSE eleitorado_local_votacao_2024 (gerado 05/10/2024 02:00:41; cópia fiel em raw.githubusercontent.com/hermesalvesbr/checkin-eleitoral/main/public/locais/eleitorado_local_votacao_2024_MT_part1.json)";2024;90670;CUIABÁ;PLANALTO;Convencional;0580 0581 0582 0583 0584 0585 0586;;1996;;
0039;2003;ESCOLA ESTADUAL DOUTOR HÉLIO PALMA DE ARRUDA;AV. DANTE MARTINS DE OLIVEIRA, QD 8;PLANALTO;78000000;-15.58263244;-56.04451413;"TSE eleitorado_local_votacao_2024 (gerado 05/10/2024 02:00:41; cópia fiel em raw.githubusercontent.com/hermesalvesbr/checkin-eleitoral/main/public/locais/eleitorado_local_votacao_2024_MT_part1.json)";2024;90670;CUIABÁ;PLANALTO;Convencional;0587 0588 0589 0590 0591 0592 0593 0594 0595 0729 0733;;4041;;
0039;2011;UFMT-BLOCO DO INSTITUTO DE LINGUAGENS;AVENIDA FERNANDO CORRÊA DA COSTA,  N. 2367;BOA ESPERANÇA;78000000;-15.61517382;-56.07158989;"TSE eleitorado_local_votacao_2024 (gerado 05/10/2024 02:00:41; cópia fiel em raw.githubusercontent.com/hermesalvesbr/checkin-eleitoral/main/public/locais/eleitorado_local_votacao_2024_MT_part1.json)";2024;90670;CUIABÁ;BOA ESPERANÇA;Convencional;0596 0597 0598 0599 0600 0601 0602 0603 0604 0605 0696;;4349;;
0039;2020;ESCOLA MUNICIPAL DE EDUCAÇÃO BÁSICA 12 DE OUTUBRO;RUA G, N. 132;ITAMARATI;78050000;-15.58530475;-56.03495978;"TSE eleitorado_local_votacao_2024 (gerado 05/10/2024 02:00:41; cópia fiel em raw.githubusercontent.com/hermesalvesbr/checkin-eleitoral/main/public/locais/eleitorado_local_votacao_2024_MT_part1.json)";2024;90670;CUIABÁ;ITAMARATI;Convencional;0606 0607 0608 0609 0610;;1329;;
0039;2038;ESCOLA ESTADUAL PASCOAL MOREIRA CABRAL;AV. RUI BARBOSA, S/N;RECANTO DOS PÁSSAROS;78000000;-15.61306703;-56.03887052;"TSE eleitorado_local_votacao_2024 (gerado 05/10/2024 02:00:41; cópia fiel em raw.githubusercontent.com/hermesalvesbr/checkin-eleitoral/main/public/locais/eleitorado_local_votacao_2024_MT_part1.json)";2024;90670;CUIABÁ;RECANTO DOS PÁSSAROS;Convencional;0611 0612 0613 0614 0615 0616 0617 0618 0619 0620 0621 0622 0730;;5079;;
0039;2046;ESCOLA MUNICIPAL DE EDUCAÇÃO BÁSICA PROFESSORA MARIA AMBRÓSIO POMMOT;RUA 1900, QUADRA 30, S/N;JARDIM IMPERIAL;78075610;-15.61332703;-56.03263632;"TSE eleitorado_local_votacao_2024 (gerado 05/10/2024 02:00:41; cópia fiel em raw.githubusercontent.com/hermesalvesbr/checkin-eleitoral/main/public/locais/eleitorado_local_votacao_2024_MT_part1.json)";2024;90670;CUIABÁ;JARDIM IMPERIAL;Convencional;0623 0624 0625 0626 0627 0628 0629 0630 0631 0632 0633 0694;;4742;;
0039;2062;ESCOLA MUNICIPAL FRANCISCA FIGUEIREDO DE ARRUDA MARTINS-CAIC ELDORADO;RUA 01, S/N;JARDIM ELDORADO;78000000;-15.58888665;-56.04706173;"TSE eleitorado_local_votacao_2024 (gerado 05/10/2024 02:00:41; cópia fiel em raw.githubusercontent.com/hermesalvesbr/checkin-eleitoral/main/public/locais/eleitorado_local_votacao_2024_MT_part1.json)";2024;90670;CUIABÁ;JARDIM ELDORADO;Convencional;0641 0642 0643 0644 0645 0676 0705;;2172;;
0039;2070;ESCOLA ESTADUAL TANCREDO DE ALMEIDA NEVES;RUA MILITAR, N. 185;JARDIM LEBLON;78000000;-15.59986214;-56.07466112;"TSE eleitorado_local_votacao_2024 (gerado 05/10/2024 02:00:41; cópia fiel em raw.githubusercontent.com/hermesalvesbr/checkin-eleitoral/main/public/locais/eleitorado_local_votacao_2024_MT_part1.json)";2024;90670;CUIABÁ;JARDIM LEBLON;Convencional;0646 0647 0648 0649 0650 0651 0652 0653;;2694;;
0039;2100;ESCOLA MUNICIPAL DE EDUCAÇÃO BÁSICA CELINA FIALHO BEZERRA;RUA PRINCESA DAIANA, S/N;ALTOS DA SERRA;78052314;-15.57880821;-56.02418532;"TSE eleitorado_local_votacao_2024 (gerado 05/10/2024 02:00:41; cópia fiel em raw.githubusercontent.com/hermesalvesbr/checkin-eleitoral/main/public/locais/eleitorado_local_votacao_2024_MT_part1.json)";2024;90670;CUIABÁ;ALTOS DA SERRA;Convencional;0654 0655 0656 0657 0658 0659 0697 0708 0714 0723 0727;;4297;;
0039;2119;ESCOLA ESTADUAL PROFESSORA CLÊINIA ROSALINA DE SOUZA;RUA IVONETE PEREIRA DOS REIS, QUADRA 15, ESQUINA 6, N 247;ITAMARATI;78058851;-15.58578047;-56.03854893;"TSE eleitorado_local_votacao_2024 (gerado 05/10/2024 02:00:41; cópia fiel em raw.githubusercontent.com/hermesalvesbr/checkin-eleitoral/main/public/locais/eleitorado_local_votacao_2024_MT_part1.json)";2024;90670;CUIABÁ;ITAMARATI;Convencional;0660 0661 0699;;1122;;
0039;2127;CRECHE MUNICIPAL BENEDITA DIAS EVANGELISTA;RUA DA PAZ, S/N;PEDREGAL;78000000;-15.59841667;-56.06935201;"TSE eleitorado_local_votacao_2024 (gerado 05/10/2024 02:00:41; cópia fiel em raw.githubusercontent.com/hermesalvesbr/checkin-eleitoral/main/public/locais/eleitorado_local_votacao_2024_MT_part1.json)";2024;90670;CUIABÁ;PEDREGAL;Convencional;0662 0663;;773;;
0039;2151;UFMT-BLOCO DAS FACULDADES DE ADMINISTRAÇÃO E CIÊNCIAS CONTÁBEIS;FUNCIONARÁ NA FACC, NO ICHS E NO IGHD - AV FERNANDO CORREA, 2367;BOA ESPERANÇA;78060900;-15.61386357;-56.07023641;"TSE eleitorado_local_votacao_2024 (gerado 05/10/2024 02:00:41; cópia fiel em raw.githubusercontent.com/hermesalvesbr/checkin-eleitoral/main/public/locais/eleitorado_local_votacao_2024_MT_part1.json)";2024;90670;CUIABÁ;BOA ESPERANÇA;Convencional;0664 0665 0666 0667 0668 0669 0670 0671 0672 0673;;3945;;
0039;2208;CENTRO EDUCACIONAL INFANTIL CUIABANO ROSÂNGELA CAMPOS;RUA OITO DE MAIO, 500 - ESQ. COM RUA MARABÁ;PEDREGAL;78060520;-15.59768051;-56.06724697;"TSE eleitorado_local_votacao_2024 (gerado 05/10/2024 02:00:41; cópia fiel em raw.githubusercontent.com/hermesalvesbr/checkin-eleitoral/main/public/locais/eleitorado_local_votacao_2024_MT_part1.json)";2024;90670;CUIABÁ;PEDREGAL;Convencional;0634 0677;;716;;
0039;2216;ESCOLA MUNICIPAL DE EDUCAÇÃO BÁSICA MARIA DA GLÓRIA DE SOUZA;AV. BOSQUE DA SAUDE, 146;BAÚ;78008360;-15.59136937;-56.08116307;"TSE eleitorado_local_votacao_2024 (gerado 05/10/2024 02:00:41; cópia fiel em raw.githubusercontent.com/hermesalvesbr/checkin-eleitoral/main/public/locais/eleitorado_local_votacao_2024_MT_part1.json)";2024;90670;CUIABÁ;BAÚ;Convencional;0678 0679 0680 0681 0682 0683 0684 0685;;1895;;
0039;2224;ESCOLA MUNICIPAL DE EDUCAÇÃO BÁSICA DOUTOR FÁBIO FIRMINO LEITE;RUA BAHIA QUADRA 58 S/N;DOUTOR FÁBIO;78000000;-15.56526386;-56.01808603;"TSE eleitorado_local_votacao_2024 (gerado 05/10/2024 02:00:41; cópia fiel em raw.githubusercontent.com/hermesalvesbr/checkin-eleitoral/main/public/locais/eleitorado_local_votacao_2024_MT_part1.json)";2024;90670;CUIABÁ;DOUTOR FÁBIO;Convencional;0686 0687 0688 0689 0690 0691 0692 0693 0695 0698;;3881;;
0039;2232;CENTRO MUNICIPAL DE EDUCAÇÃO INFANTIL MANOEL DE BARROS;RUA 1600, S/NR;JARDIM IMPERIAL;78075790;-15.60885128;-56.02478352;"TSE eleitorado_local_votacao_2024 (gerado 05/10/2024 02:00:41; cópia fiel em raw.githubusercontent.com/hermesalvesbr/checkin-eleitoral/main/public/locais/eleitorado_local_votacao_2024_MT_part1.json)";2024;90670;CUIABÁ;JARDIM IMPERIAL;Convencional;0700 0707 0711 0712 0717 0720;;2375;;
0039;2240;ESCOLA MUNICIPAL PROFESSOR CARLOS ALBERTO REYES MALDONADO;RUA 1600, S/NR;JARDIM IMPERIAL;78075790;-15.60934751;-56.02452948;"TSE eleitorado_local_votacao_2024 (gerado 05/10/2024 02:00:41; cópia fiel em raw.githubusercontent.com/hermesalvesbr/checkin-eleitoral/main/public/locais/eleitorado_local_votacao_2024_MT_part1.json)";2024;90670;CUIABÁ;JARDIM IMPERIAL;Convencional;0703 0718 0722 0726 0734;;1696;;
0039;2259;FACULDADE DE DIREITO - UNIVERSIDADE FEDERAL DE MATO GROSSO;AV. FERNANDO CORRÊA DA COSTA, 2367;BOA ESPERANÇA;78069000;-15.61038473;-56.0622828;"TSE eleitorado_local_votacao_2024 (gerado 05/10/2024 02:00:41; cópia fiel em raw.githubusercontent.com/hermesalvesbr/checkin-eleitoral/main/public/locais/eleitorado_local_votacao_2024_MT_part1.json)";2024;90670;CUIABÁ;BOA ESPERANÇA;Convencional;0702 0709 0713 0721 0724 0728;0735;2389;;
0039;2267;CENTRO EST ATEND APOIO DEF AUD (CEAADA) PROF ARLETE PEREIRA MIGUELETTI;FUNCIONARÁ NA E.E. BARÃO DE MELGAÇO - TRAVESSA FREI AMBRÓSIO 143;BANDEIRANTES;78010000;-15.60258397;-56.09334424;"TSE eleitorado_local_votacao_2024 (gerado 05/10/2024 02:00:41; cópia fiel em raw.githubusercontent.com/hermesalvesbr/checkin-eleitoral/main/public/locais/eleitorado_local_votacao_2024_MT_part1.json)";2024;90670;CUIABÁ;BANDEIRANTES;Convencional;0372 0374 0376 0378;0373 0375 0377;1402;;
0039;2283;ESCOLA ESTADUAL PROFESSOR JOÃO CRISÓSTOMO DE FIGUEIREDO;RUA TIRADENTES, 13;DOUTOR FÁBIO;78052258;-15.56414094;-56.01694607;"TSE eleitorado_local_votacao_2024 (gerado 05/10/2024 02:00:41; cópia fiel em raw.githubusercontent.com/hermesalvesbr/checkin-eleitoral/main/public/locais/eleitorado_local_votacao_2024_MT_part1.json)";2024;90670;CUIABÁ;DOUTOR FÁBIO;Convencional;0710 0725 0732;;1160;;
0039;2291;CRECHE MUNICIPAL SÃO JOSÉ OPERÁRIO;RUA PRESIDENTE LEITE FIGUEIREDO, 214;DOM AQUINO;78015025;-15.61733715;-56.09304784;"TSE eleitorado_local_votacao_2024 (gerado 05/10/2024 02:00:41; cópia fiel em raw.githubusercontent.com/hermesalvesbr/checkin-eleitoral/main/public/locais/eleitorado_local_votacao_2024_MT_part1.json)";2024;90670;CUIABÁ;DOM AQUINO;Convencional;0490 0491 0492 0493 0494 0495;;1832;;
0051;1015;ESCOLA MUNICIPAL NOSSA SENHORA DA PENHA DE FRANÇA;RUA BENEDITO DIMENCIANA PEDROSO S/N;COXIPÓ DO OURO (ZONA RURAL);78102000;-15.46022926;-55.97732164;"TSE eleitorado_local_votacao_2024 (gerado 05/10/2024 02:00:41; cópia fiel em raw.githubusercontent.com/hermesalvesbr/checkin-eleitoral/main/public/locais/eleitorado_local_votacao_2024_MT_part1.json)";2024;90670;CUIABÁ;COXIPÓ DO OURO (ZONA RURAL);Convencional;0001 0128;;553;;
0051;1023;ESCOLA ESTADUAL ANDRÉ AVELINO RIBEIRO;AVENIDA DEPUTADO OSVALDO CÂNDIDO PEREIRA S/N;CPA I;78055210;-15.55635908;-56.05235489;"TSE eleitorado_local_votacao_2024 (gerado 05/10/2024 02:00:41; cópia fiel em raw.githubusercontent.com/hermesalvesbr/checkin-eleitoral/main/public/locais/eleitorado_local_votacao_2024_MT_part1.json)";2024;90670;CUIABÁ;CPA I;Convencional;0002 0003 0004 0005 0006 0007 0008 0009 0010 0060 0079 0117 0129 0141 0243 0278 0290;;6678;;
0051;1040;ESCOLA ESTADUAL PROFESSOR BENEDITO DE CARVALHO;RUA A, N 296;MORADA DO OURO;78053160;-15.55577389;-56.04429833;"TSE eleitorado_local_votacao_2024 (gerado 05/10/2024 02:00:41; cópia fiel em raw.githubusercontent.com/hermesalvesbr/checkin-eleitoral/main/public/locais/eleitorado_local_votacao_2024_MT_part1.json)";2024;90670;CUIABÁ;MORADA DO OURO;Convencional;0024 0025 0026 0027 0028 0029 0078 0084 0088 0093 0105 0112 0120 0136;;3321;;
0051;1066;ESCOLA ESTADUAL PROFESSOR VICTORINO MONTEIRO DA SILVA;AVENIDA CURIO S/N;CPA IV 4ª ETAPA;78030385;-15.556365;-56.037035;"TSE eleitorado_local_votacao_2024 (gerado 05/10/2024 02:00:41; cópia fiel em raw.githubusercontent.com/hermesalvesbr/checkin-eleitoral/main/public/locais/eleitorado_local_votacao_2024_MT_part1.json)";2024;90670;CUIABÁ;CPA IV 4ª ETAPA;Temporário;0036 0037 0038 0039 0040 0041 0042 0043 0044 0045 0046 0051 0054 0061 0080 0274;;5234;1481 ESC. EST. MARIA HERMÍNNIA ALVES;"todas as seções votam em local temporário; bairro/coordenadas são do local temporário"
0051;1082;ESCOLA MUNICIPAL DOUTOR ESTEVÃO ALVES CORREA;RODOVIA EMANUEL PINHEIRO KM 22;RIO DOS PEIXES (ZONA RURAL);78070000;-15.39615215;-55.99113701;"TSE eleitorado_local_votacao_2024 (gerado 05/10/2024 02:00:41; cópia fiel em raw.githubusercontent.com/hermesalvesbr/checkin-eleitoral/main/public/locais/eleitorado_local_votacao_2024_MT_part1.json)";2024;90670;CUIABÁ;RIO DOS PEIXES (ZONA RURAL);Convencional;0048 0357;;475;;
0051;1090;ESCOLA MUNICIPAL PEDROSA DE MORAIS E SILVA;RUA C QUADRA 05 S/N;NOVO PARAÍSO;78058000;-15.5472862;-56.0550563;"TSE eleitorado_local_votacao_2024 (gerado 05/10/2024 02:00:41; cópia fiel em raw.githubusercontent.com/hermesalvesbr/checkin-eleitoral/main/public/locais/eleitorado_local_votacao_2024_MT_part1.json)";2024;90670;CUIABÁ;NOVO PARAÍSO;Convencional;0049 0050 0055 0056 0067 0107 0126 0142 0249 0266 0315;0372;4308;;
0051;1104;ESCOLA MUNICIPAL PROFESSOR FIRMO JOSÉ RODRIGUES;AVENIDA PRINCIPAL S/N;TRÊS BARRAS;78055000;-15.55820979;-56.0254567;"TSE eleitorado_local_votacao_2024 (gerado 05/10/2024 02:00:41; cópia fiel em raw.githubusercontent.com/hermesalvesbr/checkin-eleitoral/main/public/locais/eleitorado_local_votacao_2024_MT_part1.json)";2024;90670;CUIABÁ;TRÊS BARRAS;Convencional;0057 0062 0068 0081 0092 0096 0102 0109 0122 0135 0154 0267 0297 0316 0345 0355;;6129;;
0051;1112;ESCOLA ESTADUAL GUSTAVO KULMANN;RUA SETE QUADRA 13 S/N;JARDIM VITÓRIA;78055000;-15.54108165;-56.06541657;"TSE eleitorado_local_votacao_2024 (gerado 05/10/2024 02:00:41; cópia fiel em raw.githubusercontent.com/hermesalvesbr/checkin-eleitoral/main/public/locais/eleitorado_local_votacao_2024_MT_part1.json)";2024;90670;CUIABÁ;JARDIM VITÓRIA;Convencional;0063 0064 0074 0082 0095 0100 0108 0118 0124 0137 0147 0242 0255 0260 0279 0302 0342;;6594;;
0051;1120;ESCOLA MUNICIPAL ANTONIA TITA MACIEL CAMPOS;RUA SETE QUADRA 48 S/N;JARDIM FLORIANÓPOLIS;78050260;-15.54716413;-56.07980371;"TSE eleitorado_local_votacao_2024 (gerado 05/10/2024 02:00:41; cópia fiel em raw.githubusercontent.com/hermesalvesbr/checkin-eleitoral/main/public/locais/eleitorado_local_votacao_2024_MT_part1.json)";2024;90670;CUIABÁ;JARDIM FLORIANÓPOLIS;Convencional;0058 0077 0085 0098 0113 0127 0150 0262 0288 0306 0340 0353;;4693;;
0051;1147;ESCOLA MUNICIPAL ARISTOTELINO ALVES PRAEIRO;RUA PROJETADA S/N;PRIMEIRO DE MARÇO;78035000;-15.54521275;-56.03239619;"TSE eleitorado_local_votacao_2024 (gerado 05/10/2024 02:00:41; cópia fiel em raw.githubusercontent.com/hermesalvesbr/checkin-eleitoral/main/public/locais/eleitorado_local_votacao_2024_MT_part1.json)";2024;90670;CUIABÁ;PRIMEIRO DE MARÇO;Convencional;0065 0075 0083 0094 0104 0121 0130 0143 0246 0259 0285 0300;;4685;;
0051;1155;ESCOLA ESTADUAL DJALMA FERREIRA DE SOUZA;AVENIDA DJALMA FERREIRA DE SOUZA S/N;MORADA DO OURO - SETOR OESTE;78055000;-15.57138829;-56.06434623;"TSE eleitorado_local_votacao_2024 (gerado 05/10/2024 02:00:41; cópia fiel em raw.githubusercontent.com/hermesalvesbr/checkin-eleitoral/main/public/locais/eleitorado_local_votacao_2024_MT_part1.json)";2024;90670;CUIABÁ;MORADA DO OURO - SETOR OESTE;Convencional;0070 0071 0072 0073 0099 0114 0132 0148 0250 0261 0292;;4322;;
0051;1163;ESCOLA ESTADUAL RODOLFO AUGUSTO TRECHAUD E CURVO;RUA J QUADRA 9 N 25;RESIDENCIAL PAIAGUÁS;78048900;-15.56240724;-56.08299264;"TSE eleitorado_local_votacao_2024 (gerado 05/10/2024 02:00:41; cópia fiel em raw.githubusercontent.com/hermesalvesbr/checkin-eleitoral/main/public/locais/eleitorado_local_votacao_2024_MT_part1.json)";2024;90670;CUIABÁ;RESIDENCIAL PAIAGUÁS;Convencional;0076 0089 0103 0119 0139 0153 0256 0275 0295 0313 0367;0373;4334;;
0051;1171;ESCOLA ESTADUAL PADRE JOAO PANAROTTO;RUA SESSENTA E QUATRO QUADRA G S/N;CPA IV 2ª ETAPA;78058100;-15.56326018;-56.0331778;"TSE eleitorado_local_votacao_2024 (gerado 05/10/2024 02:00:41; cópia fiel em raw.githubusercontent.com/hermesalvesbr/checkin-eleitoral/main/public/locais/eleitorado_local_votacao_2024_MT_part1.json)";2024;90670;CUIABÁ;CPA IV 2ª ETAPA;Convencional;0086 0087 0091 0097 0106 0111 0115 0123 0145 0251 0276 0301;;4128;;
0051;1180;ESCOLA ESTADUAL PROFESSORA DIONE AUGUSTA SILVA SOUZA;AVENIDA TUIUIÚ 45;CPA IV 5ª ETAPA;78015285;-15.55926417;-56.04214866;"TSE eleitorado_local_votacao_2024 (gerado 05/10/2024 02:00:41; cópia fiel em raw.githubusercontent.com/hermesalvesbr/checkin-eleitoral/main/public/locais/eleitorado_local_votacao_2024_MT_part1.json)";2024;90670;CUIABÁ;CPA IV 5ª ETAPA;Convencional;0090 0101 0110 0116 0125 0138 0146 0247 0257 0268 0284 0298 0311 0338 0350;;5891;;
0051;1210;ESCOLA MUNICIPAL PROFESSORA GRACILDES MELO DANTAS;RUA QUINZE QUADRA 60 S/N;ALTOS DA GLÓRIA;78055000;-15.5441297;-56.01998609;"TSE eleitorado_local_votacao_2024 (gerado 05/10/2024 02:00:41; cópia fiel em raw.githubusercontent.com/hermesalvesbr/checkin-eleitoral/main/public/locais/eleitorado_local_votacao_2024_MT_part1.json)";2024;90670;CUIABÁ;ALTOS DA GLÓRIA;Convencional;0133 0149 0264 0296 0339 0361;0374;2332;;
0051;1228;ESCOLA MUNICIPAL DEPUTADO ULISSES SILVEIRA GUIMARÃES;RUA SETE DE SETEMBRO S/N;OURO FINO;78005040;-15.5501248;-56.05056619;"TSE eleitorado_local_votacao_2024 (gerado 05/10/2024 02:00:41; cópia fiel em raw.githubusercontent.com/hermesalvesbr/checkin-eleitoral/main/public/locais/eleitorado_local_votacao_2024_MT_part1.json)";2024;90670;CUIABÁ;OURO FINO;Convencional;0151 0303;0368;819;;
0051;1236;ESCOLA MUNICIPAL LENINE DE CAMPOS PÓVOAS;RUA SALGADO FILHO 321;JARDIM UNIÃO;78055857;-15.54443179;-56.07515197;"TSE eleitorado_local_votacao_2024 (gerado 05/10/2024 02:00:41; cópia fiel em raw.githubusercontent.com/hermesalvesbr/checkin-eleitoral/main/public/locais/eleitorado_local_votacao_2024_MT_part1.json)";2024;90670;CUIABÁ;JARDIM UNIÃO;Convencional;0152 0270 0312 0348 0364;0375;1938;;
0051;1244;ESCOLA MUNICIPAL PROFESSORA GUILHERMINA DE FIGUEIREDO;AVENIDA DOS TRABALHADORES S/N;CARUMBÉ;78050700;-15.58863796;-56.0603992;"TSE eleitorado_local_votacao_2024 (gerado 05/10/2024 02:00:41; cópia fiel em raw.githubusercontent.com/hermesalvesbr/checkin-eleitoral/main/public/locais/eleitorado_local_votacao_2024_MT_part1.json)";2024;90670;CUIABÁ;CARUMBÉ;Convencional;0155 0156 0157 0158 0159 0161 0162 0273;;3143;;
0051;1252;ESCOLA ESTADUAL PROFESSORA ALMIRA AMORIM E SILVA;AV. OSASCO, N 765;CPA I;78055055;-15.56508506;-56.04622969;"TSE eleitorado_local_votacao_2024 (gerado 05/10/2024 02:00:41; cópia fiel em raw.githubusercontent.com/hermesalvesbr/checkin-eleitoral/main/public/locais/eleitorado_local_votacao_2024_MT_part1.json)";2024;90670;CUIABÁ;CPA I;Convencional;0163 0164 0165 0166 0167 0168 0169 0170 0171 0236 0237 0244 0258 0269;;3896;;
0051;1260;ESCOLA ESTADUAL LEONIDAS ANTERO DE MATOS;RUA TRINTA E SEIS QUADRA 43 S/N;CPA III SETOR 03;78000000;-15.5713125;-56.04565321;"TSE eleitorado_local_votacao_2024 (gerado 05/10/2024 02:00:41; cópia fiel em raw.githubusercontent.com/hermesalvesbr/checkin-eleitoral/main/public/locais/eleitorado_local_votacao_2024_MT_part1.json)";2024;90670;CUIABÁ;CPA III SETOR 03;Convencional;0172 0173 0174 0175 0176 0177 0178 0179 0180 0181 0182 0252;;4396;;
0051;1279;ESCOLA MUNICIPAL OITO DE ABRIL;AVENIDA GONÇALO ANTUNES DE BARROS 2859;BELA VISTA;78000000;-15.58281377;-56.0537962;"TSE eleitorado_local_votacao_2024 (gerado 05/10/2024 02:00:41; cópia fiel em raw.githubusercontent.com/hermesalvesbr/checkin-eleitoral/main/public/locais/eleitorado_local_votacao_2024_MT_part1.json)";2024;90670;CUIABÁ;BELA VISTA;Convencional;0183 0184 0185 0186 0188 0271;;1623;;
0051;1287;ESCOLA ESTADUAL ANA MARIA DO COUTO;AVENIDA BRASIL 905;CPA II;78055508;-15.55901963;-56.04847933;"TSE eleitorado_local_votacao_2024 (gerado 05/10/2024 02:00:41; cópia fiel em raw.githubusercontent.com/hermesalvesbr/checkin-eleitoral/main/public/locais/eleitorado_local_votacao_2024_MT_part1.json)";2024;90670;CUIABÁ;CPA II;Convencional;0189 0190 0191 0192 0193 0194 0195 0196 0197 0198 0199 0200 0201 0202 0203 0293 0343;;6672;;
0051;1295;ESCOLA ESTADUAL LEOVEGILDO DE MELO;RUA VINTE E CINCO QUADRA 42 S/N;CPA III SETOR 05;78058382;-15.57173848;-56.03551529;"TSE eleitorado_local_votacao_2024 (gerado 05/10/2024 02:00:41; cópia fiel em raw.githubusercontent.com/hermesalvesbr/checkin-eleitoral/main/public/locais/eleitorado_local_votacao_2024_MT_part1.json)";2024;90670;CUIABÁ;CPA III SETOR 05;Convencional;0204 0205 0206 0207 0208 0209 0210 0211 0212 0213 0214 0215;;3888;;
0051;1309;ESCOLA MUNICIPAL CORONEL OCTAYDE JORGE DA SILVA;RUA JUARA  QUADRA 15 LOTE 01;TANCREDO NEVES;78055820;-15.57187042;-56.05103525;"TSE eleitorado_local_votacao_2024 (gerado 05/10/2024 02:00:41; cópia fiel em raw.githubusercontent.com/hermesalvesbr/checkin-eleitoral/main/public/locais/eleitorado_local_votacao_2024_MT_part1.json)";2024;90670;CUIABÁ;TANCREDO NEVES;Convencional;0216 0217 0219 0220 0245;;1764;;
0051;1317;ESCOLA MUNICIPAL IRMÃ MARIA BETTY DE SOUZA PIRES;RUA ANDRADINA 99;NOVA MATO GROSSO;78058710;-15.57877446;-56.03907721;"TSE eleitorado_local_votacao_2024 (gerado 05/10/2024 02:00:41; cópia fiel em raw.githubusercontent.com/hermesalvesbr/checkin-eleitoral/main/public/locais/eleitorado_local_votacao_2024_MT_part1.json)";2024;90670;CUIABÁ;NOVA MATO GROSSO;Convencional;0221 0222 0223 0318;;1089;;
0051;1333;ESCOLA MUNICIPAL MADRE MARTA CERUTTI;AVENIDA VEREADOR JULIANO COSTA MARQUES S/N;BELA VISTA;78050550;-15.58034236;-56.06276535;"TSE eleitorado_local_votacao_2024 (gerado 05/10/2024 02:00:41; cópia fiel em raw.githubusercontent.com/hermesalvesbr/checkin-eleitoral/main/public/locais/eleitorado_local_votacao_2024_MT_part1.json)";2024;90670;CUIABÁ;BELA VISTA;Convencional;0231 0232 0233 0234 0235 0283 0351 0366;;3092;;
0051;1350;ESCOLA MUNICIPAL TENENTE OCTACILIO SEBASTIÃO DA CRUZ;RUA QUARENTA E SEIS QUADRA 14 LOTE 31;CPA III SETOR 04;78051224;-15.56979278;-56.04234272;"TSE eleitorado_local_votacao_2024 (gerado 05/10/2024 02:00:41; cópia fiel em raw.githubusercontent.com/hermesalvesbr/checkin-eleitoral/main/public/locais/eleitorado_local_votacao_2024_MT_part1.json)";2024;90670;CUIABÁ;CPA III SETOR 04;Convencional;0238 0239 0253 0354;;1287;;
0051;1368;CRECHE MUNICIPAL SANTA INES;RUA VINTE E QUATRO QUADRA 40 S/N;CPA III SETOR 05;78000000;-15.57108786;-56.03580645;"TSE eleitorado_local_votacao_2024 (gerado 05/10/2024 02:00:41; cópia fiel em raw.githubusercontent.com/hermesalvesbr/checkin-eleitoral/main/public/locais/eleitorado_local_votacao_2024_MT_part1.json)";2024;90670;CUIABÁ;CPA III SETOR 05;Convencional;0240 0241 0248;;1133;;
0051;1376;ESCOLA ESTADUAL PROFESSORA DIVA HUGUENEY SIQUEIRA BASTOS;RUA SENADOR JONAS PINHEIRO 687;JARDIM AROEIRA;78055000;-15.54124457;-56.0421717;"TSE eleitorado_local_votacao_2024 (gerado 05/10/2024 02:00:41; cópia fiel em raw.githubusercontent.com/hermesalvesbr/checkin-eleitoral/main/public/locais/eleitorado_local_votacao_2024_MT_part1.json)";2024;90670;CUIABÁ;JARDIM AROEIRA;Convencional;0277 0294 0305 0317 0337 0344 0349 0360 0362 0371;;3626;;
0051;1414;ESCOLA MUNICIPAL ORZINA AMORIM SOARES;AVENIDA JOSÉ ESTEVAN TORQUATO S/N;JARDIM VITÓRIA;78000000;-15.53850364;-56.06797779;"TSE eleitorado_local_votacao_2024 (gerado 05/10/2024 02:00:41; cópia fiel em raw.githubusercontent.com/hermesalvesbr/checkin-eleitoral/main/public/locais/eleitorado_local_votacao_2024_MT_part1.json)";2024;90670;CUIABÁ;JARDIM VITÓRIA;Convencional;0286 0289 0335 0356 0370;;1677;;
0051;1422;ESCOLA ESTADUAL ELIANA DIGIGOV SANTANA;AV. JULIANO COSTA MARQUES, S/N;BELA VISTA;78800000;-15.58091273;-56.05826805;"TSE eleitorado_local_votacao_2024 (gerado 05/10/2024 02:00:41; cópia fiel em raw.githubusercontent.com/hermesalvesbr/checkin-eleitoral/main/public/locais/eleitorado_local_votacao_2024_MT_part1.json)";2024;90670;CUIABÁ;BELA VISTA;Convencional;0224 0225 0226 0227 0228 0229 0230 0272 0280 0281 0304 0308;;4279;;
0051;1430;CRECHE MUN. NÉVIO LOTUFO;RUA 21 DE ABRIL;CENTRO AMÉRICA;78053795;-15.56278093;-56.06005756;"TSE eleitorado_local_votacao_2024 (gerado 05/10/2024 02:00:41; cópia fiel em raw.githubusercontent.com/hermesalvesbr/checkin-eleitoral/main/public/locais/eleitorado_local_votacao_2024_MT_part1.json)";2024;90670;CUIABÁ;CENTRO AMÉRICA;Convencional;0307 0336 0352 0358;;1326;;
0051;1449;COMUNIDADE SÃO JERÔNIMO;ZONA RURAL - CUIABÁ;COXIPÓ DO OURO (ZONA RURAL);78000000;-15.46308082;-55.90299684;"TSE eleitorado_local_votacao_2024 (gerado 05/10/2024 02:00:41; cópia fiel em raw.githubusercontent.com/hermesalvesbr/checkin-eleitoral/main/public/locais/eleitorado_local_votacao_2024_MT_part1.json)";2024;90670;CUIABÁ;COXIPÓ DO OURO (ZONA RURAL);Convencional;0310;;159;;
0051;1457;ESCOLA MUNICIPAL ELZA LUÍZA ESTEVES;AV. SENEGAL, SN;CANJICA;78050380;-15.58305324;-56.0751876;"TSE eleitorado_local_votacao_2024 (gerado 05/10/2024 02:00:41; cópia fiel em raw.githubusercontent.com/hermesalvesbr/checkin-eleitoral/main/public/locais/eleitorado_local_votacao_2024_MT_part1.json)";2024;90670;CUIABÁ;CANJICA;Convencional;0319 0320 0321 0322 0323 0324 0325 0326 0327 0328;;3940;;
0051;1465;ESCOLA MUNICIPAL QUINTINO PEREIRA DE FREITAS;RUA PADRE EMILIO REINERS, 247;CANJICA;78060000;-15.58268105;-56.07315072;"TSE eleitorado_local_votacao_2024 (gerado 05/10/2024 02:00:41; cópia fiel em raw.githubusercontent.com/hermesalvesbr/checkin-eleitoral/main/public/locais/eleitorado_local_votacao_2024_MT_part1.json)";2024;90670;CUIABÁ;CANJICA;Convencional;0329 0330 0331 0332 0333 0334 0346;;2762;;
0051;1473;CRECHE MUN. PAULO RONAN FERRAZ SANTOS;RUA 1, S/N, RESID. ILZA TEREZINHA PICOLLI PAGOT;PRIMEIRO DE MARÇO;78056712;-15.53671972;-56.03313244;"TSE eleitorado_local_votacao_2024 (gerado 05/10/2024 02:00:41; cópia fiel em raw.githubusercontent.com/hermesalvesbr/checkin-eleitoral/main/public/locais/eleitorado_local_votacao_2024_MT_part1.json)";2024;90670;CUIABÁ;PRIMEIRO DE MARÇO;Convencional;0341 0347 0359 0363;;1523;;
0051;1503;ABRIGO BOM JESUS;AVENIDA HISTORIADOR RUBENS DE MENDONÇA;MORADA DA SERRA;78049090;-15.55837172;-56.06262913;"TSE eleitorado_local_votacao_2024 (gerado 05/10/2024 02:00:41; cópia fiel em raw.githubusercontent.com/hermesalvesbr/checkin-eleitoral/main/public/locais/eleitorado_local_votacao_2024_MT_part1.json)";2024;90670;CUIABÁ;MORADA DA SERRA;Convencional;0365;;51;;
0051;1520;CMEI MARIA CONCEIÇÃO OLIVEIRA DE SOUZA;RUA 310, N 268;CPA IV 3ª ETAPA;78058226;-15.55978754;-56.02993892;"TSE eleitorado_local_votacao_2024 (gerado 05/10/2024 02:00:41; cópia fiel em raw.githubusercontent.com/hermesalvesbr/checkin-eleitoral/main/public/locais/eleitorado_local_votacao_2024_MT_part1.json)";2024;90670;CUIABÁ;CPA IV 3ª ETAPA;Convencional;0134 0140 0265 0309;;1313;;
0055;1015;ESCOLA MUNICIPAL MOACIR GRATIDIANO DORILEO;R. DOS PARDAIS,  S/N;PARQUE OHARA;78080000;-15.63098495;-56.04433188;"TSE eleitorado_local_votacao_2024 (gerado 05/10/2024 02:00:41; cópia fiel em raw.githubusercontent.com/hermesalvesbr/checkin-eleitoral/main/public/locais/eleitorado_local_votacao_2024_MT_part1.json)";2024;90670;CUIABÁ;PARQUE OHARA;Convencional;0001 0002 0003 0004 0241 0311;;2226;;
0055;1023;ESCOLA ESTADUAL MANUEL CAVALCANTI PROENÇA;RUA 107. S/N (FUNDOS);TIJUCAL;78088000;-15.63581992;-56.02323868;"TSE eleitorado_local_votacao_2024 (gerado 05/10/2024 02:00:41; cópia fiel em raw.githubusercontent.com/hermesalvesbr/checkin-eleitoral/main/public/locais/eleitorado_local_votacao_2024_MT_part1.json)";2024;90670;CUIABÁ;TIJUCAL;Convencional;0005 0006 0007 0008 0009 0010 0011 0080 0097 0109 0124 0224;;3241;;
0055;1031;ESCOLA ESTADUAL AGENOR FERREIRA LEÃO;RUA 314, QUADRA 102, SETOR III;TIJUCAL;78088000;-15.62502453;-56.00866356;"TSE eleitorado_local_votacao_2024 (gerado 05/10/2024 02:00:41; cópia fiel em raw.githubusercontent.com/hermesalvesbr/checkin-eleitoral/main/public/locais/eleitorado_local_votacao_2024_MT_part1.json)";2024;90670;CUIABÁ;TIJUCAL;Convencional;0012 0013 0014 0015 0059 0099 0126;;2422;;
0055;1040;ESCOLA ESTADUAL ESTEVÃO ALVES CORREA;RUA 230,  QD 66, N. 51, SETOR II;TIJUCAL;78088000;-15.63048867;-56.01420188;"TSE eleitorado_local_votacao_2024 (gerado 05/10/2024 02:00:41; cópia fiel em raw.githubusercontent.com/hermesalvesbr/checkin-eleitoral/main/public/locais/eleitorado_local_votacao_2024_MT_part1.json)";2024;90670;CUIABÁ;TIJUCAL;Convencional;0016 0017 0018 0019 0020 0021 0022 0023 0110 0120 0210 0229 0263;;5096;;
0055;1058;ESCOLA  ESTADUAL MARIANA LUIZA MOREIRA;AVENIDA DA CAIXA D'AGUA, S/N., SETOR IV;TIJUCAL;78088000;-15.63250351;-56.00816523;"TSE eleitorado_local_votacao_2024 (gerado 05/10/2024 02:00:41; cópia fiel em raw.githubusercontent.com/hermesalvesbr/checkin-eleitoral/main/public/locais/eleitorado_local_votacao_2024_MT_part1.json)";2024;90670;CUIABÁ;TIJUCAL;Convencional;0026 0027 0028 0029 0030 0031 0049 0079 0100 0121 0240 0273;;4541;;
0055;1066;ESCOLA ESTADUAL PASCOAL RAMOS;RUA FRANCISCO DE JESUS,  430;PASCOAL RAMOS;78098000;-15.64067731;-55.98142868;"TSE eleitorado_local_votacao_2024 (gerado 05/10/2024 02:00:41; cópia fiel em raw.githubusercontent.com/hermesalvesbr/checkin-eleitoral/main/public/locais/eleitorado_local_votacao_2024_MT_part1.json)";2024;90670;CUIABÁ;PASCOAL RAMOS;Convencional;0032 0033 0034 0035 0036 0037 0088 0234 0235 0258;;3701;;
0055;1074;ESCOLA MUNICIPAL OSMAR JOSÉ DO CARMO CABRAL;RUA 09, QD 20, S/N.;OSMAR CABRAL;78000000;-15.61371705;-55.99504949;"TSE eleitorado_local_votacao_2024 (gerado 05/10/2024 02:00:41; cópia fiel em raw.githubusercontent.com/hermesalvesbr/checkin-eleitoral/main/public/locais/eleitorado_local_votacao_2024_MT_part1.json)";2024;90670;CUIABÁ;OSMAR CABRAL;Convencional;0041 0042 0043 0044 0050 0272 0289 0320;;2959;;
0055;1082;ESCOLA MUNICIPAL NOVO RENASCER;FAZENDA VELHA;ZONA RURAL;78100000;-15.57729037;-55.77707454;"TSE eleitorado_local_votacao_2024 (gerado 05/10/2024 02:00:41; cópia fiel em raw.githubusercontent.com/hermesalvesbr/checkin-eleitoral/main/public/locais/eleitorado_local_votacao_2024_MT_part1.json)";2024;90670;CUIABÁ;ZONA RURAL;Convencional;0045 0201;0075;573;;
0055;1090;ESCOLA ESTADUAL MALIK NOMER ZAHAFI DIDIER;AV. NILTON RABELO DE CASTRO,425;PEDRA 90;78100000;-15.63481185;-55.94553608;"TSE eleitorado_local_votacao_2024 (gerado 05/10/2024 02:00:41; cópia fiel em raw.githubusercontent.com/hermesalvesbr/checkin-eleitoral/main/public/locais/eleitorado_local_votacao_2024_MT_part1.json)";2024;90670;CUIABÁ;PEDRA 90;Convencional;0046 0047 0048 0060 0061 0072 0101 0112 0122 0214 0225 0239 0254 0268 0277 0291 0300 0309 0318 0334;;7474;;
0055;1104;ESCOLA MUNICIPAL MARIA ELAZIR CORREA DE FIGUEIREDO;AVENIDA CARLOS ADDOR DE SOUZA S/N;SÃO JOÃO DEL REY;78000000;-15.61450775;-56.00337999;"TSE eleitorado_local_votacao_2024 (gerado 05/10/2024 02:00:41; cópia fiel em raw.githubusercontent.com/hermesalvesbr/checkin-eleitoral/main/public/locais/eleitorado_local_votacao_2024_MT_part1.json)";2024;90670;CUIABÁ;SÃO JOÃO DEL REY;Convencional;0052 0062 0078 0095 0106 0119 0204 0223 0246 0265 0281 0299 0321;;4836;;
0055;1120;ESCOLA ESTADUAL RAFAEL RUEDA (INTEGRADA CAIC);RUA CARUARU, S/N - FONE ORELHÃO 36678718;PEDRA 90;78100000;-15.63092598;-55.95822887;"TSE eleitorado_local_votacao_2024 (gerado 05/10/2024 02:00:41; cópia fiel em raw.githubusercontent.com/hermesalvesbr/checkin-eleitoral/main/public/locais/eleitorado_local_votacao_2024_MT_part1.json)";2024;90670;CUIABÁ;PEDRA 90;Convencional;0054 0055 0064 0070 0094 0103 0114 0123 0259 0270 0287 0308;0332;4695;1600 ESCOLA MUNICIPAL DE EDUCAÇÃO BÁSICA PROF. ZEFERINO LEITE DE OLIVEIRA;parte das seções vota em local temporário
0055;1139;ESCOLA MUNICIPAL DARCY RIBEIRO;RUA 18, QUADRA 17, S/N.;JARDIM INDUSTRIÁRIO I;78000000;-15.65106257;-55.98027997;"TSE eleitorado_local_votacao_2024 (gerado 05/10/2024 02:00:41; cópia fiel em raw.githubusercontent.com/hermesalvesbr/checkin-eleitoral/main/public/locais/eleitorado_local_votacao_2024_MT_part1.json)";2024;90670;CUIABÁ;JARDIM INDUSTRIÁRIO I;Convencional;0056 0076 0093 0107 0125 0222 0255 0290;0336;3116;;
0055;1147;ESCOLA MUNICIPAL ANA TEREZA ARCOS KRAUSE;RUA 13, QUADRA 19, S/N;JARDIM INDUSTRIÁRIO II;78000000;-15.64538081;-55.97660521;"TSE eleitorado_local_votacao_2024 (gerado 05/10/2024 02:00:41; cópia fiel em raw.githubusercontent.com/hermesalvesbr/checkin-eleitoral/main/public/locais/eleitorado_local_votacao_2024_MT_part1.json)";2024;90670;CUIABÁ;JARDIM INDUSTRIÁRIO II;Convencional;0057 0063 0077 0092 0113 0213 0242 0245 0301;;3205;;
0055;1163;ESCOLA MUNICIPAL SÃO SEBASTIÃO;RUA SÃO JERÔNIMO, N. 520 - FONE ORELHÃO 36671385;SÃO SEBASTIÃO;78000000;-15.6332352;-55.98501843;"TSE eleitorado_local_votacao_2024 (gerado 05/10/2024 02:00:41; cópia fiel em raw.githubusercontent.com/hermesalvesbr/checkin-eleitoral/main/public/locais/eleitorado_local_votacao_2024_MT_part1.json)";2024;90670;CUIABÁ;SÃO SEBASTIÃO;Convencional;0065 0090 0236 0271 0292 0322;;2047;;
0055;1171;ESCOLA MUNICIPAL MINISTRO MARCOS FREIRE;RUA CARVALHO DOURADO S/N - FONE ORELHÃO 36652408;JARDIM DOS IPÊS;78000000;-15.62658327;-56.01560768;"TSE eleitorado_local_votacao_2024 (gerado 05/10/2024 02:00:41; cópia fiel em raw.githubusercontent.com/hermesalvesbr/checkin-eleitoral/main/public/locais/eleitorado_local_votacao_2024_MT_part1.json)";2024;90670;CUIABÁ;JARDIM DOS IPÊS;Convencional;0024 0025 0051 0069 0082 0116;;1789;;
0055;1180;ESCOLA MUNICIPAL PROF. ONOFRE DE OLIVEIRA;RUA MARCO DA LUZ, S/N - PROX. POLICLINICA SILVIO CURSO;PASCOAL RAMOS;78000000;-15.63878731;-55.97958381;"TSE eleitorado_local_votacao_2024 (gerado 05/10/2024 02:00:41; cópia fiel em raw.githubusercontent.com/hermesalvesbr/checkin-eleitoral/main/public/locais/eleitorado_local_votacao_2024_MT_part1.json)";2024;90670;CUIABÁ;PASCOAL RAMOS;Convencional;0038 0040;0039 0068;806;;
0055;1198;ESCOLA MUNICIPAL FRANCISCO PEDROSO DA  SILVA;RUA DAS FLORES, N. 306, FONE 3665-1622 (ORELHÃO);SÃO FRANCISCO;78000000;-15.6411572;-56.01349731;"TSE eleitorado_local_votacao_2024 (gerado 05/10/2024 02:00:41; cópia fiel em raw.githubusercontent.com/hermesalvesbr/checkin-eleitoral/main/public/locais/eleitorado_local_votacao_2024_MT_part1.json)";2024;90670;CUIABÁ;SÃO FRANCISCO;Convencional;0066 0067 0081 0108 0209 0237 0264 0293;;3001;;
0055;1201;ESCOLA MUNICIPAL CONSTANÇA FIGUEIREDO PALMA (BEM BEM);RUA 1 AVENIDA PRINCIPAL, S/N;JARDIM FORTALEZA;78090820;-15.61299618;-55.99340198;"TSE eleitorado_local_votacao_2024 (gerado 05/10/2024 02:00:41; cópia fiel em raw.githubusercontent.com/hermesalvesbr/checkin-eleitoral/main/public/locais/eleitorado_local_votacao_2024_MT_part1.json)";2024;90670;CUIABÁ;JARDIM FORTALEZA;Convencional;0074 0084 0085 0091 0102 0117 0212 0253;0335;3131;;
0055;1210;ESCOLA MUNICIPAL SENADOR GASTÃO DE MATOS MULLER;AVENIDA INTEGRAÇÃO 3, S/N;PEDRA 90;78100000;-15.62869468;-55.95351994;"TSE eleitorado_local_votacao_2024 (gerado 05/10/2024 02:00:41; cópia fiel em raw.githubusercontent.com/hermesalvesbr/checkin-eleitoral/main/public/locais/eleitorado_local_votacao_2024_MT_part1.json)";2024;90670;CUIABÁ;PEDRA 90;Convencional;0073 0083 0087 0089 0098 0104 0199 0256;;3069;;
0055;1244;ESCOLA MUNICIPAL JESUS CRIANÇA;TRAVESSA J, S/N.;PARQUE NOVA ESPERANÇA;78098000;-15.63998568;-55.97244395;"TSE eleitorado_local_votacao_2024 (gerado 05/10/2024 02:00:41; cópia fiel em raw.githubusercontent.com/hermesalvesbr/checkin-eleitoral/main/public/locais/eleitorado_local_votacao_2024_MT_part1.json)";2024;90670;CUIABÁ;PARQUE NOVA ESPERANÇA;Convencional;0096 0105 0200 0230 0260 0280 0298;0331;2760;;
0055;1252;ESCOLA ESTADUAL MÁRIO DE CASTRO;AV. INTEGRAÇÃO 03, 761;PEDRA 90;78000000;-15.62911787;-55.95244976;"TSE eleitorado_local_votacao_2024 (gerado 05/10/2024 02:00:41; cópia fiel em raw.githubusercontent.com/hermesalvesbr/checkin-eleitoral/main/public/locais/eleitorado_local_votacao_2024_MT_part1.json)";2024;90670;CUIABÁ;PEDRA 90;Convencional;0115 0205 0219 0227 0231 0250 0275 0302 0315 0330;;3590;;
0055;1260;ESCOLA ESTADUAL PROF.ª HERMELINDA DE FIGUEIREDO;RUA LONDRINA,37 - AO LADO DO HOSPITAL ADAUTO BOTELHO;COOPHEMA;78085225;-15.63465999;-56.05862111;"TSE eleitorado_local_votacao_2024 (gerado 05/10/2024 02:00:41; cópia fiel em raw.githubusercontent.com/hermesalvesbr/checkin-eleitoral/main/public/locais/eleitorado_local_votacao_2024_MT_part1.json)";2024;90670;CUIABÁ;COOPHEMA;Convencional;0127 0128 0129 0130 0131 0132 0133 0203 0249;;3520;;
0055;1287;ESCOLA ESTADUAL HELIODORO CAPISTRANO DA SILVA;RUA D-4, QDA 130, S/N - FONE ORELHÃO 36660850;PARQUE CUIABÁ;78000000;-15.66038728;-56.0486922;"TSE eleitorado_local_votacao_2024 (gerado 05/10/2024 02:00:41; cópia fiel em raw.githubusercontent.com/hermesalvesbr/checkin-eleitoral/main/public/locais/eleitorado_local_votacao_2024_MT_part1.json)";2024;90670;CUIABÁ;PARQUE CUIABÁ;Convencional;0142 0143 0144 0145 0146 0147 0148 0149 0150 0151 0206 0274 0286;;5091;;
0055;1295;ESCOLA ESTADUAL SALIM FELÍCIO (NOVO);AVENIDA DAS FLORES, 373;REAL PARQUE;78095544;-15.65851458;-56.04976502;"TSE eleitorado_local_votacao_2024 (gerado 05/10/2024 02:00:41; cópia fiel em raw.githubusercontent.com/hermesalvesbr/checkin-eleitoral/main/public/locais/eleitorado_local_votacao_2024_MT_part1.json)";2024;90670;CUIABÁ;REAL PARQUE;Convencional;0152 0153 0154 0155 0156 0157 0158 0159 0160;;3388;;
0055;1309;ESCOLA ESTADUAL HISTORIADOR RUBENS DE MENDONÇA;AVENIDA B, N. 77 - FONE ORELHÃO 36611403;PARQUE CUIABÁ;78058529;-15.658493;-56.049774;"TSE eleitorado_local_votacao_2024 (gerado 05/10/2024 02:00:41; cópia fiel em raw.githubusercontent.com/hermesalvesbr/checkin-eleitoral/main/public/locais/eleitorado_local_votacao_2024_MT_part1.json)";2024;90670;CUIABÁ;PARQUE CUIABÁ;Temporário;0161 0162 0163 0164 0165 0166 0167 0168 0169 0170 0171 0172 0251;;5003;1520 COLEGIO FÊNIX MT;"todas as seções votam em local temporário; bairro/coordenadas são do local temporário"
0055;1317;ESCOLA ESTADUAL PROF.ª PACIANA TORRES DE SANTANA;AVENIDA PRINCIPAL, 585, PROX. MINI ESTÁDIO GERALDÃO;RESIDENCIAL COXIPÓ;78000000;-15.64650118;-56.03312774;"TSE eleitorado_local_votacao_2024 (gerado 05/10/2024 02:00:41; cópia fiel em raw.githubusercontent.com/hermesalvesbr/checkin-eleitoral/main/public/locais/eleitorado_local_votacao_2024_MT_part1.json)";2024;90670;CUIABÁ;RESIDENCIAL COXIPÓ;Convencional;0173 0174 0175 0176 0177 0178 0179 0180 0211 0238 0269;;4325;;
0055;1325;ESCOLA ESTADUAL PROF.ª ALICE FONTES PINHEIRO;RUA E-5, N. 157 - PRÓX. IGREJA CATÓLICA DO BAIRRO;PARQUE CUIABÁ;78030385;-15.6666552;-56.0425804;"TSE eleitorado_local_votacao_2024 (gerado 05/10/2024 02:00:41; cópia fiel em raw.githubusercontent.com/hermesalvesbr/checkin-eleitoral/main/public/locais/eleitorado_local_votacao_2024_MT_part1.json)";2024;90670;CUIABÁ;PARQUE CUIABÁ;Temporário;0181 0182 0183 0184 0185 0220 0278 0313;;2827;1643 ESCOLA ESTADUAL SALIM FELÍCIO (PRÉDIO ANTIGO);"todas as seções votam em local temporário; bairro/coordenadas são do local temporário"
0055;1333;ESCOLA MUNICIPAL FLORIANO BOCHENEKI (13 DE SETEMBRO);RUA SD, QDA 62, N. 438;PARQUE ATALAIA;78000000;-15.66555424;-56.05925017;"TSE eleitorado_local_votacao_2024 (gerado 05/10/2024 02:00:41; cópia fiel em raw.githubusercontent.com/hermesalvesbr/checkin-eleitoral/main/public/locais/eleitorado_local_votacao_2024_MT_part1.json)";2024;90670;CUIABÁ;PARQUE ATALAIA;Convencional;0186 0187 0188 0189 0190 0208 0248 0288 0329;;3230;;
0055;1341;ESCOLA MUNICIPAL SILVA FREIRE;AVENIDA PRINCIPAL, S/N - FONE ORELHÃO 36655210;ITAPAJÉ;78000000;-15.65298983;-56.02745479;"TSE eleitorado_local_votacao_2024 (gerado 05/10/2024 02:00:41; cópia fiel em raw.githubusercontent.com/hermesalvesbr/checkin-eleitoral/main/public/locais/eleitorado_local_votacao_2024_MT_part1.json)";2024;90670;CUIABÁ;ITAPAJÉ;Convencional;0191 0192 0207 0262 0276 0284 0294;;2768;;
0055;1368;ESCOLA MUNICIPAL TEREZA BENGUELA;RUA A-1, S/N;JARDIM COMODORO;78000000;-15.64088233;-56.04365134;"TSE eleitorado_local_votacao_2024 (gerado 05/10/2024 02:00:41; cópia fiel em raw.githubusercontent.com/hermesalvesbr/checkin-eleitoral/main/public/locais/eleitorado_local_votacao_2024_MT_part1.json)";2024;90670;CUIABÁ;JARDIM COMODORO;Convencional;0193 0194 0285;;935;;
0055;1376;ESCOLA ESTADUAL ZÉLIA COSTA DE ALMEIDA;RUA F, QD 4, N 273 - FONE ORELHÃO 36612391;JARDIM PRESIDENTE II;78000000;-15.64672394;-56.02783102;"TSE eleitorado_local_votacao_2024 (gerado 05/10/2024 02:00:41; cópia fiel em raw.githubusercontent.com/hermesalvesbr/checkin-eleitoral/main/public/locais/eleitorado_local_votacao_2024_MT_part1.json)";2024;90670;CUIABÁ;JARDIM PRESIDENTE II;Convencional;0195 0196 0197 0215 0252 0295 0317;;2663;;
0055;1384;ESCOLA MUNICIPAL PROF.ª JOANA DARK DA SILVA;RUA M, ESQ C/ AVENIDA 02;REAL PARQUE;78000000;-15.67474239;-56.03686404;"TSE eleitorado_local_votacao_2024 (gerado 05/10/2024 02:00:41; cópia fiel em raw.githubusercontent.com/hermesalvesbr/checkin-eleitoral/main/public/locais/eleitorado_local_votacao_2024_MT_part1.json)";2024;90670;CUIABÁ;REAL PARQUE;Convencional;0198 0233 0266 0297 0314;;1749;;
0055;1392;ESCOLA MUNICIPAL JOSÉ TORQUATO DA SILVA;RUA 20, S/N;RESIDENCIAL COXIPÓ;78090418;-15.65093988;-56.03528431;"TSE eleitorado_local_votacao_2024 (gerado 05/10/2024 02:00:41; cópia fiel em raw.githubusercontent.com/hermesalvesbr/checkin-eleitoral/main/public/locais/eleitorado_local_votacao_2024_MT_part1.json)";2024;90670;CUIABÁ;RESIDENCIAL COXIPÓ;Convencional;0218 0267 0296 0316;;1404;;
0055;1406;ESCOLA MUNICIPAL PE. RAIMUNDO CONCEIÇÃO POMBO MOREIRA DA CRUZ;ENTRE QUADRAS 42 E 90, S/N - FONE ORELHÃO 36660880;PARQUE CUIABÁ;78095000;-15.6689777;-56.04070134;"TSE eleitorado_local_votacao_2024 (gerado 05/10/2024 02:00:41; cópia fiel em raw.githubusercontent.com/hermesalvesbr/checkin-eleitoral/main/public/locais/eleitorado_local_votacao_2024_MT_part1.json)";2024;90670;CUIABÁ;PARQUE CUIABÁ;Convencional;0216 0226 0228 0243 0310;;1851;;
0055;1414;ESCOLA MUNICIPAL EUGÊNIA PEREIRA DE MELLO;RUA 13 DE MAIO, S/N - FONE ORELHÃO 36614176;VISTA ALEGRE;78085750;-15.63537473;-56.04956419;"TSE eleitorado_local_votacao_2024 (gerado 05/10/2024 02:00:41; cópia fiel em raw.githubusercontent.com/hermesalvesbr/checkin-eleitoral/main/public/locais/eleitorado_local_votacao_2024_MT_part1.json)";2024;90670;CUIABÁ;VISTA ALEGRE;Convencional;0217 0283 0303;0304;1075;;
0055;1457;ESCOLA EMEBE PROFª MARIA DIMPINA LOBO DUARTE;AV. FERNANDO CORREA DA COSTA, 4695;COXIPÓ DA PONTE;78085000;-15.6286606;-56.05415076;"TSE eleitorado_local_votacao_2024 (gerado 05/10/2024 02:00:41; cópia fiel em raw.githubusercontent.com/hermesalvesbr/checkin-eleitoral/main/public/locais/eleitorado_local_votacao_2024_MT_part1.json)";2024;90670;CUIABÁ;COXIPÓ DA PONTE;Convencional;0134 0135 0136 0137 0139 0140 0141 0244;;1909;;
0055;1473;CCI - CENTRO DE CONVIVÊNCIA DO IDOSO JOÃO GUERREIRO;RUA 01, S/N;ALTOS DO COXIPÓ;78020710;-15.63577569;-56.02476651;"TSE eleitorado_local_votacao_2024 (gerado 05/10/2024 02:00:41; cópia fiel em raw.githubusercontent.com/hermesalvesbr/checkin-eleitoral/main/public/locais/eleitorado_local_votacao_2024_MT_part1.json)";2024;90670;CUIABÁ;ALTOS DO COXIPÓ;Convencional;0247 0279 0312;;948;;
0055;1481;ESCOLA MUNICIPAL RURAL DE EDUCAÇÃO BÁSICA NOVA ESPERANÇA;RODOVIA PALMIRO PAES DE BARROS, KM 12, RUA 14, SN;DISTRITO NOVA ESPERANÇA - PEQUIZEIRO;78005000;-15.556365;-56.037035;"TSE eleitorado_local_votacao_2024 (gerado 05/10/2024 02:00:41; cópia fiel em raw.githubusercontent.com/hermesalvesbr/checkin-eleitoral/main/public/locais/eleitorado_local_votacao_2024_MT_part1.json)";2024;90670;CUIABÁ;DISTRITO NOVA ESPERANÇA - PEQUIZEIRO;Convencional;0261 0307;;617;;
0055;1503;ESCOLA ESTADUAL JUAREZ RODRIGUES DOS ANJOS;RUA PADRE AMADEU S/N;SANTA LAURA;78000000;-15.61934763;-55.99260519;"TSE eleitorado_local_votacao_2024 (gerado 05/10/2024 02:00:41; cópia fiel em raw.githubusercontent.com/hermesalvesbr/checkin-eleitoral/main/public/locais/eleitorado_local_votacao_2024_MT_part1.json)";2024;90670;CUIABÁ;SANTA LAURA;Convencional;0053 0058 0071 0086 0111 0118 0202 0221 0232 0257 0282 0305;;4519;;
0055;1562;CENTRO EDUCACIONAL INFANTIL CUIABANO - CEIC JOSÉ GABRIEL DA COSTA;AVENIDA CAMBORIÚ, LOTE 102, QUADRA 32;PARQUE GEORGIA;78085400;-15.64798462;-56.0616705;"TSE eleitorado_local_votacao_2024 (gerado 05/10/2024 02:00:41; cópia fiel em raw.githubusercontent.com/hermesalvesbr/checkin-eleitoral/main/public/locais/eleitorado_local_votacao_2024_MT_part1.json)";2024;90670;CUIABÁ;PARQUE GEORGIA;Convencional;0319;;286;;
0055;1570;CENTRO MUNICIPAL DE EDUCAÇÃO INFANTIL AURO IDA;AVENIDA F, S/N;JARDIM PASSAREDO;78000000;-15.64140749;-56.00726244;"TSE eleitorado_local_votacao_2024 (gerado 05/10/2024 02:00:41; cópia fiel em raw.githubusercontent.com/hermesalvesbr/checkin-eleitoral/main/public/locais/eleitorado_local_votacao_2024_MT_part1.json)";2024;90670;CUIABÁ;JARDIM PASSAREDO;Convencional;0323;;239;;
0055;1589;ESCOLA ESTADUAL PADRE FIRMO PINTO DUARTE FILHO;AVENIDA RIO BRANCO, RESIDENCIAL MARECHAL CÂNDIDO RONDON;DISTRITO INDUSTRIAL;78030385;-15.64700004;-55.99342867;"TSE eleitorado_local_votacao_2024 (gerado 05/10/2024 02:00:41; cópia fiel em raw.githubusercontent.com/hermesalvesbr/checkin-eleitoral/main/public/locais/eleitorado_local_votacao_2024_MT_part1.json)";2024;90670;CUIABÁ;DISTRITO INDUSTRIAL;Convencional;0324;;105;;
0055;1597;CENTRO EMERGENCIAL DE EDUCAÇÃO INFANTIL JEAN CARLOS PINHO SANTOS;RUA SANTOS DUMONT, 102;PEDRA 90;78100000;-15.63092598;-55.95822887;"TSE eleitorado_local_votacao_2024 (gerado 05/10/2024 02:00:41; cópia fiel em raw.githubusercontent.com/hermesalvesbr/checkin-eleitoral/main/public/locais/eleitorado_local_votacao_2024_MT_part1.json)";2024;90670;CUIABÁ;PEDRA 90;Convencional;;0327;15;1120 ESCOLA ESTADUAL RAFAEL RUEDA (INTEGRADA CAIC);"todas as seções votam em local temporário; bairro/coordenadas são do local temporário"
0055;1600;ESCOLA MUNICIPAL DE EDUCAÇÃO BÁSICA PROF. ZEFERINO LEITE DE OLIVEIRA;AVENIDA NEWTON RABELO DE CASTRO, S/N;PEDRA 90;78100000;-15.63092598;-55.95822887;"TSE eleitorado_local_votacao_2024 (gerado 05/10/2024 02:00:41; cópia fiel em raw.githubusercontent.com/hermesalvesbr/checkin-eleitoral/main/public/locais/eleitorado_local_votacao_2024_MT_part1.json)";2024;90670;CUIABÁ;PEDRA 90;Convencional;;0325;25;1120 ESCOLA ESTADUAL RAFAEL RUEDA (INTEGRADA CAIC);"todas as seções votam em local temporário; bairro/coordenadas são do local temporário"
0055;1619;CRECHE MUNICIPAL MARIUZA DO CARMO OJEDA DE BARROS;AVENIDA ESPIGÃO, 1.888, SETOR 3;TIJUCAL;78088000;-15.63250351;-56.00816523;"TSE eleitorado_local_votacao_2024 (gerado 05/10/2024 02:00:41; cópia fiel em raw.githubusercontent.com/hermesalvesbr/checkin-eleitoral/main/public/locais/eleitorado_local_votacao_2024_MT_part1.json)";2024;90670;CUIABÁ;TIJUCAL;Convencional;;0328;13;1058 ESCOLA  ESTADUAL MARIANA LUIZA MOREIRA;"todas as seções votam em local temporário; bairro/coordenadas são do local temporário"
0055;1627;CEIC HELENITA PAES DE ASSUNÇÃO;RUA 228, CASA 46, QUADRA 68, SETOR 2;TIJUCAL;78088000;-15.63048867;-56.01420188;"TSE eleitorado_local_votacao_2024 (gerado 05/10/2024 02:00:41; cópia fiel em raw.githubusercontent.com/hermesalvesbr/checkin-eleitoral/main/public/locais/eleitorado_local_votacao_2024_MT_part1.json)";2024;90670;CUIABÁ;TIJUCAL;Convencional;;0326;31;1040 ESCOLA ESTADUAL ESTEVÃO ALVES CORREA;"todas as seções votam em local temporário; bairro/coordenadas são do local temporário"
0055;1635;ESCOLA MUNICIPAL DE EDUCAÇÃO BÁSICA ANA LUÍZA PRADO BASTOS;AVENIDA CARLOS ADDOR DE SOUZA, 11;OSMAR CABRAL;78056403;-15.61228095;-55.99619273;"TSE eleitorado_local_votacao_2024 (gerado 05/10/2024 02:00:41; cópia fiel em raw.githubusercontent.com/hermesalvesbr/checkin-eleitoral/main/public/locais/eleitorado_local_votacao_2024_MT_part1.json)";2024;90670;CUIABÁ;OSMAR CABRAL;Convencional;0333;;146;;
0020;1112;ESCOLA MUNICIPAL PROFESSORA MARILCE BENEDITA DE ARRUDA;TRAVESSA MARIO MOTTA, S/N;CENTRO;78110000;-15.6437582;-56.12657842;"TSE eleitorado_local_votacao_2024 (gerado 05/10/2024 02:00:41; cópia fiel em raw.githubusercontent.com/hermesalvesbr/checkin-eleitoral/main/public/locais/eleitorado_local_votacao_2024_MT_part1.json)";2024;91677;VÁRZEA GRANDE;CENTRO;Convencional;0054 0057 0059;0053 0058 0338;983;;
0020;1546;ESCOLA ESTADUAL IRENE GOMES DE CAMPOS;ESTRADA DA GUARITA, S/N;FIGUEIRINHA;78110000;-15.63796791;-56.13797202;"TSE eleitorado_local_votacao_2024 (gerado 05/10/2024 02:00:41; cópia fiel em raw.githubusercontent.com/hermesalvesbr/checkin-eleitoral/main/public/locais/eleitorado_local_votacao_2024_MT_part1.json)";2024;91677;VÁRZEA GRANDE;FIGUEIRINHA;Convencional;0341 0342 0343 0344 0345 0346 0504 0526 0678;0694;3510;;
0020;1554;ESCOLA MUNICIPAL MANOEL JOÃO DE ARRUDA;RUA GONCALO DOMINGOS DE CAMPOS, SN;FIGUEIRINHA;78110000;-15.63835778;-56.1398771;"TSE eleitorado_local_votacao_2024 (gerado 05/10/2024 02:00:41; cópia fiel em raw.githubusercontent.com/hermesalvesbr/checkin-eleitoral/main/public/locais/eleitorado_local_votacao_2024_MT_part1.json)";2024;91677;VÁRZEA GRANDE;FIGUEIRINHA;Convencional;0339 0348 0349;0340 0347;1054;;
0020;1570;ESCOLA ESTADUAL DEPUTADO MILTON FIGUEIREDO;AV. CRUZEIRO DO SUL, QUADRA 16, LOTE 20/21;JARDIM DOS ESTADOS;78110000;-15.64052913;-56.17470311;"TSE eleitorado_local_votacao_2024 (gerado 05/10/2024 02:00:41; cópia fiel em raw.githubusercontent.com/hermesalvesbr/checkin-eleitoral/main/public/locais/eleitorado_local_votacao_2024_MT_part1.json)";2024;91677;VÁRZEA GRANDE;JARDIM DOS ESTADOS;Convencional;0352 0353 0354 0680;;1281;;
0020;1589;ESCOLA ESTADUAL UBALDO MONTEIRO DA SILVA;RUA MINAS GERAIS, S/N;JARDIM DOS ESTADOS;78110000;-15.6391747;-56.17447269;"TSE eleitorado_local_votacao_2024 (gerado 05/10/2024 02:00:41; cópia fiel em raw.githubusercontent.com/hermesalvesbr/checkin-eleitoral/main/public/locais/eleitorado_local_votacao_2024_MT_part1.json)";2024;91677;VÁRZEA GRANDE;JARDIM DOS ESTADOS;Convencional;0355 0356 0357 0358 0359 0360 0361 0509 0522 0533;;3765;;
0020;1597;ESCOLA ESTADUAL NADIR DE OLIVEIRA;7 DE SETEMBRO,  S/N;JARDIM GLÓRIA I;78110000;-15.64326421;-56.15256035;"TSE eleitorado_local_votacao_2024 (gerado 05/10/2024 02:00:41; cópia fiel em raw.githubusercontent.com/hermesalvesbr/checkin-eleitoral/main/public/locais/eleitorado_local_votacao_2024_MT_part1.json)";2024;91677;VÁRZEA GRANDE;JARDIM GLÓRIA I;Convencional;0362 0364 0365 0367 0368 0371 0372 0377;0363 0366 0369 0370 0373 0374 0375 0376;2678;2160 PARÓQUIA SÃO SEBASTIÃO (SALÃO PAROQUIAL);parte das seções vota em local temporário
0020;1600;ESCOLA MUNICIPAL PROFESSORA MARIA DAS GRACAS PINTO;RUA IARA, S/N;JARDIM GLÓRIA II;78110000;-15.63491902;-56.15449074;"TSE eleitorado_local_votacao_2024 (gerado 05/10/2024 02:00:41; cópia fiel em raw.githubusercontent.com/hermesalvesbr/checkin-eleitoral/main/public/locais/eleitorado_local_votacao_2024_MT_part1.json)";2024;91677;VÁRZEA GRANDE;JARDIM GLÓRIA II;Convencional;0378 0379 0380 0381 0382 0383 0384 0445 0446 0447 0516;;2927;;
0020;1619;ESCOLA MUNICIPAL PROFESSORA IRENICE GODOY DE CAMPOS SILVA;RUA CAMARÕES, S/N;JARDIM IMPERIAL;78110000;-15.62135776;-56.17077273;"TSE eleitorado_local_votacao_2024 (gerado 05/10/2024 02:00:41; cópia fiel em raw.githubusercontent.com/hermesalvesbr/checkin-eleitoral/main/public/locais/eleitorado_local_votacao_2024_MT_part1.json)";2024;91677;VÁRZEA GRANDE;JARDIM IMPERIAL;Convencional;0385 0386 0387 0388 0389 0390 0391 0392 0491;;2479;;
0020;1627;ESCOLA ESTADUAL PROFESSOR VASTI PEREIRA DA CONCEIÇÃO;RUA CÁCERES, S/N;MAPIM;78110000;-15.63216717;-56.16719949;"TSE eleitorado_local_votacao_2024 (gerado 05/10/2024 02:00:41; cópia fiel em raw.githubusercontent.com/hermesalvesbr/checkin-eleitoral/main/public/locais/eleitorado_local_votacao_2024_MT_part1.json)";2024;91677;VÁRZEA GRANDE;MAPIM;Convencional;0394 0396;0393 0395;826;1759 ESCOLA ESTADUAL PROFESSORA MARIA MACEDO RODRIGUES;parte das seções vota em local temporário
0020;1635;ESCOLA MUNICIPAL PROFESSORA RITA AUXILIADORA CAMPOS CUNHA;RUA VENEZUELA, S/N;MAPIM;78110000;-15.62500413;-56.16691488;"TSE eleitorado_local_votacao_2024 (gerado 05/10/2024 02:00:41; cópia fiel em raw.githubusercontent.com/hermesalvesbr/checkin-eleitoral/main/public/locais/eleitorado_local_votacao_2024_MT_part1.json)";2024;91677;VÁRZEA GRANDE;MAPIM;Convencional;0397 0398 0399 0403 0404 0490 0663;;2373;;
0020;1643;ESCOLA MUNICIPAL JOÃO PONCE DE ARRUDA;DISTRITO DA PASSAGEM DA CONCEICAO, S/N;DISTRITO DE PASSAGEM DA CONCEIÇÃO;78110000;-15.5664253;-56.14276339;"TSE eleitorado_local_votacao_2024 (gerado 05/10/2024 02:00:41; cópia fiel em raw.githubusercontent.com/hermesalvesbr/checkin-eleitoral/main/public/locais/eleitorado_local_votacao_2024_MT_part1.json)";2024;91677;VÁRZEA GRANDE;DISTRITO DE PASSAGEM DA CONCEICAO;Convencional;0400 0448;;459;;
0020;1651;CENTRO MUNICIPAL DE EDUCAÇÃO INFANTIL MAMED UNTAR;RUA MARFIM S/N;JARDIM DE ALÁ;78115000;-15.62761526;-56.15765402;"TSE eleitorado_local_votacao_2024 (gerado 05/10/2024 02:00:41; cópia fiel em raw.githubusercontent.com/hermesalvesbr/checkin-eleitoral/main/public/locais/eleitorado_local_votacao_2024_MT_part1.json)";2024;91677;VÁRZEA GRANDE;JARDIM DE ALÁ;Convencional;0401 0402 0496;;1172;;
0020;1660;ESCOLA MUNICIPAL PROFESSORA RITA AUXILIADORA CAMPOS CUNHA;PROJETADA  SN;MAPIM;78110000;-15.62500413;-56.16691488;"TSE eleitorado_local_votacao_2024 (gerado 05/10/2024 02:00:41; cópia fiel em raw.githubusercontent.com/hermesalvesbr/checkin-eleitoral/main/public/locais/eleitorado_local_votacao_2024_MT_part1.json)";2024;91677;VÁRZEA GRANDE;MAPIM;Convencional;;0681;38;1635 ESCOLA MUNICIPAL PROFESSORA RITA AUXILIADORA CAMPOS CUNHA;"todas as seções votam em local temporário; bairro/coordenadas são do local temporário"
0020;1678;ESCOLA MUNICIPAL ANA FRANCISCA DE BARROS;RUA CARLOS GOMES, S/N;VINTE E TRÊS DE SETEMBRO;78000000;-15.63894794;-56.12946966;"TSE eleitorado_local_votacao_2024 (gerado 05/10/2024 02:00:41; cópia fiel em raw.githubusercontent.com/hermesalvesbr/checkin-eleitoral/main/public/locais/eleitorado_local_votacao_2024_MT_part1.json)";2024;91677;VÁRZEA GRANDE;VINTE E TRÊS DE SETEMBRO;Convencional;0405 0406 0407 0450;;1356;;
0020;1686;ESCOLA MUNICIPAL JOAQUIM DA CRUZ COELHO;AVENIDA PROJETADA, S/N;SERRA DOURADA;78110000;-15.62501203;-56.14695168;"TSE eleitorado_local_votacao_2024 (gerado 05/10/2024 02:00:41; cópia fiel em raw.githubusercontent.com/hermesalvesbr/checkin-eleitoral/main/public/locais/eleitorado_local_votacao_2024_MT_part1.json)";2024;91677;VÁRZEA GRANDE;SERRA DOURADA;Convencional;0408 0409 0525;;863;;
0020;1694;ESCOLA MUNICIPAL PROFESSORA NAIR DE OLIVEIRA CORREA;RUA FRANCISCO MONTEIRO, S/N;MAPIM;78110000;-15.63463968;-56.16694982;"TSE eleitorado_local_votacao_2024 (gerado 05/10/2024 02:00:41; cópia fiel em raw.githubusercontent.com/hermesalvesbr/checkin-eleitoral/main/public/locais/eleitorado_local_votacao_2024_MT_part1.json)";2024;91677;VÁRZEA GRANDE;MAPIM;Convencional;0410 0411 0412 0523;;1198;;
0020;1708;ESCOLA MUNICIPAL ANTONIO GOMES DA CRUZ;RUA 07 DE SETEMBRO, S/N;JARDIM GLÓRIA I;78000000;-15.64063468;-56.15140881;"TSE eleitorado_local_votacao_2024 (gerado 05/10/2024 02:00:41; cópia fiel em raw.githubusercontent.com/hermesalvesbr/checkin-eleitoral/main/public/locais/eleitorado_local_votacao_2024_MT_part1.json)";2024;91677;VÁRZEA GRANDE;JARDIM GLÓRIA I;Convencional;0413 0414 0415 0416 0417 0515 0683;;2371;;
0020;1716;ESCOLA MUNICIPAL PADRE LUIZ MARIA GHISONI;RUA C, QUADRA 31, S/N;VILA ARTHUR;78000000;-15.63650125;-56.14948261;"TSE eleitorado_local_votacao_2024 (gerado 05/10/2024 02:00:41; cópia fiel em raw.githubusercontent.com/hermesalvesbr/checkin-eleitoral/main/public/locais/eleitorado_local_votacao_2024_MT_part1.json)";2024;91677;VÁRZEA GRANDE;VILA ARTHUR;Convencional;0418 0419 0420 0421 0422 0497 0521;;2655;;
0020;1759;ESCOLA ESTADUAL PROFESSORA MARIA MACEDO RODRIGUES;RUA MARTIN ALFONSO, SN;MAPIM;78110000;-15.63153668;-56.16710337;"TSE eleitorado_local_votacao_2024 (gerado 05/10/2024 02:00:41; cópia fiel em raw.githubusercontent.com/hermesalvesbr/checkin-eleitoral/main/public/locais/eleitorado_local_votacao_2024_MT_part1.json)";2024;91677;VÁRZEA GRANDE;MAPIM;Convencional;0429 0430 0431 0432 0433 0434 0435 0506;;3031;;
0020;1767;CENTRO DE ATENCAO INTEGRAL À CRIANCA GONCALO DOMINGOS DE CAMPOS (CAIC);RUA PIRAPORA, SN;JARDIM DE ALÁ;78000000;-15.6265118;-56.15567061;"TSE eleitorado_local_votacao_2024 (gerado 05/10/2024 02:00:41; cópia fiel em raw.githubusercontent.com/hermesalvesbr/checkin-eleitoral/main/public/locais/eleitorado_local_votacao_2024_MT_part1.json)";2024;91677;VÁRZEA GRANDE;JARDIM DE ALÁ;Convencional;0436 0437 0438 0439 0440 0500;;1774;;
0020;1775;ESCOLA MUNICIPAL BENEDITA BERNARDINA CURVO;RUA 19, SN;COHAB NOVA IPE;78000000;-15.61332953;-56.17210161;"TSE eleitorado_local_votacao_2024 (gerado 05/10/2024 02:00:41; cópia fiel em raw.githubusercontent.com/hermesalvesbr/checkin-eleitoral/main/public/locais/eleitorado_local_votacao_2024_MT_part1.json)";2024;91677;VÁRZEA GRANDE;COHAB NOVA IPE;Convencional;0441 0442 0443 0444 0495 0505 0518;;1755;;
0020;1805;ESCOLA MUNICIPAL DEPUTADO ARY LEITE DE CAMPOS;RUA H, QUADRA 14, S/N;PARQUE DAS MANGABEIRAS;78110000;-15.62646731;-56.17332088;"TSE eleitorado_local_votacao_2024 (gerado 05/10/2024 02:00:41; cópia fiel em raw.githubusercontent.com/hermesalvesbr/checkin-eleitoral/main/public/locais/eleitorado_local_votacao_2024_MT_part1.json)";2024;91677;VÁRZEA GRANDE;PARQUE DAS MANGABEIRAS;Convencional;0449 0499;;643;;
0020;1821;ESCOLA ESTADUAL PROFESSOR JERCY JACOB;RUA SÃO JUDAS TADEU, S/N;ÁGUA VERMELHA;78110000;-15.65077436;-56.14526754;"TSE eleitorado_local_votacao_2024 (gerado 05/10/2024 02:00:41; cópia fiel em raw.githubusercontent.com/hermesalvesbr/checkin-eleitoral/main/public/locais/eleitorado_local_votacao_2024_MT_part1.json)";2024;91677;VÁRZEA GRANDE;ÁGUA VERMELHA;Convencional;0451 0452 0453 0454 0455 0456;;1761;;
0020;1830;ESCOLA ESTADUAL MARIA LEITE MARCOSKI;RUA 05, QUADRA 20, S/N;JARDIM MARAJOARA;78110000;-15.65600086;-56.1563449;"TSE eleitorado_local_votacao_2024 (gerado 05/10/2024 02:00:41; cópia fiel em raw.githubusercontent.com/hermesalvesbr/checkin-eleitoral/main/public/locais/eleitorado_local_votacao_2024_MT_part1.json)";2024;91677;VÁRZEA GRANDE;JARDIM MARAJOARA;Convencional;0457 0458 0459 0460 0461 0462 0464 0465;;3156;;
0020;1848;ESCOLA ESTADUAL PROFESSORA PORFIRIA PAULA DE CAMPOS;RUA ABDALA JOSE DE ALMEIDA, S/N;COHAB SANTA ISABEL;78110000;-15.6509941;-56.17332109;"TSE eleitorado_local_votacao_2024 (gerado 05/10/2024 02:00:41; cópia fiel em raw.githubusercontent.com/hermesalvesbr/checkin-eleitoral/main/public/locais/eleitorado_local_votacao_2024_MT_part1.json)";2024;91677;VÁRZEA GRANDE;COHAB SANTA ISABEL;Convencional;0466 0467 0468 0469 0470 0471 0502;;2586;;
0020;1856;ESCOLA MUNICIPAL NAPOLEÃO JOSE DA COSTA;RUA 18, QD 37, S/N;JARDIM MARAJOARA;78110000;-15.65480545;-56.1667356;"TSE eleitorado_local_votacao_2024 (gerado 05/10/2024 02:00:41; cópia fiel em raw.githubusercontent.com/hermesalvesbr/checkin-eleitoral/main/public/locais/eleitorado_local_votacao_2024_MT_part1.json)";2024;91677;VÁRZEA GRANDE;JARDIM MARAJOARA;Convencional;0472 0473 0474 0507 0517;0691;1982;;
0020;1864;ESCOLA ESTADUAL MERCEDES DE PAULA SODA;RUA V, S/N;JARDIM PAULA I;78110000;-15.65048131;-56.15621114;"TSE eleitorado_local_votacao_2024 (gerado 05/10/2024 02:00:41; cópia fiel em raw.githubusercontent.com/hermesalvesbr/checkin-eleitoral/main/public/locais/eleitorado_local_votacao_2024_MT_part1.json)";2024;91677;VÁRZEA GRANDE;JARDIM PAULA I;Convencional;0475 0476 0477 0479 0480 0498;;2109;;
0020;1872;ESCOLA ESTADUAL PROFESSORA ARLETE MARIA DA SILVA;RUA F, QUADRA 12, S/N;COHAB ASA BELA;78110000;-15.65438231;-56.17636156;"TSE eleitorado_local_votacao_2024 (gerado 05/10/2024 02:00:41; cópia fiel em raw.githubusercontent.com/hermesalvesbr/checkin-eleitoral/main/public/locais/eleitorado_local_votacao_2024_MT_part1.json)";2024;91677;VÁRZEA GRANDE;COHAB ASA BELA;Convencional;0481 0482 0483 0484 0485 0486 0493 0501 0514 0655;;3428;;
0020;1880;ESCOLA MUNICIPAL SENHORA DIRCE LEITE DE CAMPOS;RUA MARQUES DE SAO VICENTE, QUADRA 58, S/N;JARDIM ITORORÓ;78110000;-15.66255544;-56.17479403;"TSE eleitorado_local_votacao_2024 (gerado 05/10/2024 02:00:41; cópia fiel em raw.githubusercontent.com/hermesalvesbr/checkin-eleitoral/main/public/locais/eleitorado_local_votacao_2024_MT_part1.json)";2024;91677;VÁRZEA GRANDE;JARDIM ITORORÓ;Convencional;0487 0488 0494 0510 0534 0676;;2271;;
0020;1899;ESCOLA MUNICIPAL ARISTIDES POMPEO DE CAMPOS;RUA E QUADRA 22;CIDADE DE DEUS;78110000;-15.64977238;-56.18681772;"TSE eleitorado_local_votacao_2024 (gerado 05/10/2024 02:00:41; cópia fiel em raw.githubusercontent.com/hermesalvesbr/checkin-eleitoral/main/public/locais/eleitorado_local_votacao_2024_MT_part1.json)";2024;91677;VÁRZEA GRANDE;CIDADE DE DEUS;Convencional;0489 0492 0511 0660;;1492;;
0020;1902;ESCOLA ESTADUAL JAIME VERÍSSIMO DE CAMPOS JUNIOR;AV. CHILE, S/N;JARDIM TARUMÃ;78158590;-15.61967761;-56.17097016;"TSE eleitorado_local_votacao_2024 (gerado 05/10/2024 02:00:41; cópia fiel em raw.githubusercontent.com/hermesalvesbr/checkin-eleitoral/main/public/locais/eleitorado_local_votacao_2024_MT_part1.json)";2024;91677;VÁRZEA GRANDE;JARDIM TARUMÃ;Convencional;0508 0512 0520 0654 0661 0672;;2362;;
0020;1929;CENTRO COMUNITÁRIO ALEIXO RAMOS;AO LADO DO TREVO, AV. MÁRIO ANDREAZA;DISTRITO DA GUARITA;78100000;-15.60945316;-56.14384166;"TSE eleitorado_local_votacao_2024 (gerado 05/10/2024 02:00:41; cópia fiel em raw.githubusercontent.com/hermesalvesbr/checkin-eleitoral/main/public/locais/eleitorado_local_votacao_2024_MT_part1.json)";2024;91677;VÁRZEA GRANDE;DISTRITO DA GUARITA;Convencional;0350 0351;;485;;
0020;1937;ESCOLA MUNICIPAL EDNILSON FRANCISCO KOLLING;AVENIDA TIRADENTES Q. 03 SN;JARDIM MANAIRA;78150000;-15.60346397;-56.17759665;"TSE eleitorado_local_votacao_2024 (gerado 05/10/2024 02:00:41; cópia fiel em raw.githubusercontent.com/hermesalvesbr/checkin-eleitoral/main/public/locais/eleitorado_local_votacao_2024_MT_part1.json)";2024;91677;VÁRZEA GRANDE;JARDIM MANAIRA;Convencional;0527 0530 0656 0669 0686;;1716;;
0020;1945;ESCOLA ESTADUAL GOVERNADOR DANTE MARTINS DE OLIVEIRA;AVENIDA CARVÃO BRANCO S/N - RESIDENCIAL JOSÉ CARLOS GUIMARÃES;JARDIM TARUMÃ;78110000;-15.62737722;-56.18628545;"TSE eleitorado_local_votacao_2024 (gerado 05/10/2024 02:00:41; cópia fiel em raw.githubusercontent.com/hermesalvesbr/checkin-eleitoral/main/public/locais/eleitorado_local_votacao_2024_MT_part1.json)";2024;91677;VÁRZEA GRANDE;JARDIM TARUMÃ;Convencional;0528 0529 0532 0659 0664 0674 0685;;2464;;
0020;1970;ESCOLA MUNICIPAL BIANKA LORENA DA ROCHA CAPILÉ;AGROVILA SÃO MIGUEL - ASSENTAMENTO SADIA III;ZONA RURAL;78170000;-15.49641668;-56.4668667;"TSE eleitorado_local_votacao_2024 (gerado 05/10/2024 02:00:41; cópia fiel em raw.githubusercontent.com/hermesalvesbr/checkin-eleitoral/main/public/locais/eleitorado_local_votacao_2024_MT_part1.json)";2024;91677;VÁRZEA GRANDE;ZONA RURAL;Convencional;0535;0536;412;;
0020;1988;CAPELA NOSSA SENHORA APARECIDA;DISTRITO DE ESPINHEIRO;ZONA RURAL;78110000;-15.41850252;-56.34712681;"TSE eleitorado_local_votacao_2024 (gerado 05/10/2024 02:00:41; cópia fiel em raw.githubusercontent.com/hermesalvesbr/checkin-eleitoral/main/public/locais/eleitorado_local_votacao_2024_MT_part1.json)";2024;91677;VÁRZEA GRANDE;ZONA RURAL;Convencional;0537;;85;;
0020;1996;ESCOLA MUNICIPAL HONORATO PEDROSO DE BARROS;AV. FILINTO MULLER, SN - ÁGUA VERMELHA;ÁGUA VERMELHA;78110000;-15.65416471;-56.14992339;"TSE eleitorado_local_votacao_2024 (gerado 05/10/2024 02:00:41; cópia fiel em raw.githubusercontent.com/hermesalvesbr/checkin-eleitoral/main/public/locais/eleitorado_local_votacao_2024_MT_part1.json)";2024;91677;VÁRZEA GRANDE;ÁGUA VERMELHA;Convencional;0538 0540 0541 0679;;1320;;
0020;2003;ESCOLA  MUNICIPAL  PROFESSORA AIR ADDOR;RUA DEZ SN;COHAB OURO VERDE;78148900;-15.67954904;-56.15741534;"TSE eleitorado_local_votacao_2024 (gerado 05/10/2024 02:00:41; cópia fiel em raw.githubusercontent.com/hermesalvesbr/checkin-eleitoral/main/public/locais/eleitorado_local_votacao_2024_MT_part1.json)";2024;91677;VÁRZEA GRANDE;COHAB OURO VERDE;Convencional;0542 0543 0544 0545 0546 0658 0690;;2396;;
0020;2011;ESCOLA MUNICIPAL ELIAS DOMINGAS;ASSENTAMENTO NOSSA SENHORA APARECIDA - SADIA I;ZONA RURAL;78000000;-15.46774199;-56.23285777;"TSE eleitorado_local_votacao_2024 (gerado 05/10/2024 02:00:41; cópia fiel em raw.githubusercontent.com/hermesalvesbr/checkin-eleitoral/main/public/locais/eleitorado_local_votacao_2024_MT_part1.json)";2024;91677;VÁRZEA GRANDE;ZONA RURAL;Convencional;0547;;211;;
0020;2020;ESCOLA MUNICIPAL JULIO DOMINGOS DE CAMPOS;RUA LUIS PEDRO DE LIMA, 908;DISTRITO DE CAPÃO GRANDE;78110000;-15.71038205;-56.16164433;"TSE eleitorado_local_votacao_2024 (gerado 05/10/2024 02:00:41; cópia fiel em raw.githubusercontent.com/hermesalvesbr/checkin-eleitoral/main/public/locais/eleitorado_local_votacao_2024_MT_part1.json)";2024;91677;VÁRZEA GRANDE;DISTRITO DE CAPÃO GRANDE;Convencional;0548 0549 0550 0551 0553 0554;;2005;;
0020;2038;ESCOLA MUNICIPAL PROFESSORA ANGELA JARDIM;RUA Z, S/N;COHAB CANELLAS;78110000;-15.66187372;-56.15342043;"TSE eleitorado_local_votacao_2024 (gerado 05/10/2024 02:00:41; cópia fiel em raw.githubusercontent.com/hermesalvesbr/checkin-eleitoral/main/public/locais/eleitorado_local_votacao_2024_MT_part1.json)";2024;91677;VÁRZEA GRANDE;COHAB CANELLAS;Convencional;0555 0556 0557 0558 0559 0560 0561 0562 0563 0657;;3525;;
0020;2046;ESCOLA ESTADUAL PROFESSORA TEREZINHA DE JESUS DA SILVA;RUA 15, Q 56, S/N;NOVA FRONTEIRA;78000000;-15.66449013;-56.15990307;"TSE eleitorado_local_votacao_2024 (gerado 05/10/2024 02:00:41; cópia fiel em raw.githubusercontent.com/hermesalvesbr/checkin-eleitoral/main/public/locais/eleitorado_local_votacao_2024_MT_part1.json)";2024;91677;VÁRZEA GRANDE;NOVA FRONTEIRA;Convencional;0564 0565 0671 0677 0689;;1615;;
0020;2054;ESCOLA MUNICIPAL ANTONIA FELIPA DE CAMPOS;RUA SD, QUADRA 100;NOVO MUNDO;78110000;-15.64301147;-56.20494735;"TSE eleitorado_local_votacao_2024 (gerado 05/10/2024 02:00:41; cópia fiel em raw.githubusercontent.com/hermesalvesbr/checkin-eleitoral/main/public/locais/eleitorado_local_votacao_2024_MT_part1.json)";2024;91677;VÁRZEA GRANDE;NOVO MUNDO;Convencional;0566;;371;;
0020;2062;ESCOLA MUNICIPAL PROFESSORA MARIA PEDROSA DE MIRANDA;R 15, QUADRA 15, LOTE 01;PARQUE DO SABIÁ;78000000;-15.67217847;-56.18539412;"TSE eleitorado_local_votacao_2024 (gerado 05/10/2024 02:00:41; cópia fiel em raw.githubusercontent.com/hermesalvesbr/checkin-eleitoral/main/public/locais/eleitorado_local_votacao_2024_MT_part1.json)";2024;91677;VÁRZEA GRANDE;PARQUE DO SABIÁ;Convencional;0567 0568 0569 0570 0662 0682 0687;;2683;;
0020;2070;ESCOLA MUNICIPAL DAVY MAYER;AV. PRINCIPAL, S/N;SÃO SIMÃO;78110000;-15.68318067;-56.15159171;"TSE eleitorado_local_votacao_2024 (gerado 05/10/2024 02:00:41; cópia fiel em raw.githubusercontent.com/hermesalvesbr/checkin-eleitoral/main/public/locais/eleitorado_local_votacao_2024_MT_part1.json)";2024;91677;VÁRZEA GRANDE;SÃO SIMÃO;Convencional;0571 0572 0573 0574 0575;0692;1952;;
0020;2089;ESCOLA MUNICIPAL BENEDITO ABRÃO NASSARDEM;COMUNIDADE DE FORMIGUEIRO;ZONA RURAL;78110000;-15.70924077;-56.21053888;"TSE eleitorado_local_votacao_2024 (gerado 05/10/2024 02:00:41; cópia fiel em raw.githubusercontent.com/hermesalvesbr/checkin-eleitoral/main/public/locais/eleitorado_local_votacao_2024_MT_part1.json)";2024;91677;VÁRZEA GRANDE;ZONA RURAL;Convencional;0576;;211;;
0020;2097;CENTRO EDUCACIONAL ABDALA JOSÉ DE ALMEIDA;RUA 32, QUADRA 165;SÃO MATEUS;78110000;-15.66409587;-56.18632639;"TSE eleitorado_local_votacao_2024 (gerado 05/10/2024 02:00:41; cópia fiel em raw.githubusercontent.com/hermesalvesbr/checkin-eleitoral/main/public/locais/eleitorado_local_votacao_2024_MT_part1.json)";2024;91677;VÁRZEA GRANDE;SÃO MATEUS;Convencional;0577 0578 0579 0580 0581 0582 0583 0584 0585 0586;;3874;;
0020;2100;ESCOLA ESTADUAL ELIZABETH MARIA BASTOS MINEIRO;RUA 15, QUADRA 112, S/N;SÃO MATEUS;78015000;-15.66592834;-56.18044035;"TSE eleitorado_local_votacao_2024 (gerado 05/10/2024 02:00:41; cópia fiel em raw.githubusercontent.com/hermesalvesbr/checkin-eleitoral/main/public/locais/eleitorado_local_votacao_2024_MT_part1.json)";2024;91677;VÁRZEA GRANDE;SÃO MATEUS;Convencional;0641 0642 0643 0644 0645 0646;;2353;;
0020;2119;ESCOLA ESTADUAL LICINIO MONTEIRO DA SILVA;AV. PEDRO PEDROSSIAN, N. 211;CENTRO;78110000;-15.64636063;-56.12529234;"TSE eleitorado_local_votacao_2024 (gerado 05/10/2024 02:00:41; cópia fiel em raw.githubusercontent.com/hermesalvesbr/checkin-eleitoral/main/public/locais/eleitorado_local_votacao_2024_MT_part1.json)";2024;91677;VÁRZEA GRANDE;CENTRO;Convencional;0647 0650 0651 0653;0648 0649 0652;1372;;
0020;2127;CASA DE ARTE E CULTURA DE VÁRZEA GRANDE;AVENIDA COUTO MAGALHÃES;CENTRO;78110400;-15.64677726;-56.13200158;"TSE eleitorado_local_votacao_2024 (gerado 05/10/2024 02:00:41; cópia fiel em raw.githubusercontent.com/hermesalvesbr/checkin-eleitoral/main/public/locais/eleitorado_local_votacao_2024_MT_part1.json)";2024;91677;VÁRZEA GRANDE;CENTRO;Convencional;0030 0031;0029 0040;656;;
0020;2135;CENTRO MUNICIPAL DE ATEND. ESP. E APOIO À INCLUSÃO JOÃO RIBEIRO FILHO;RUA SALIN NADAF;CENTRO;78110500;-15.64667638;-56.13867793;"TSE eleitorado_local_votacao_2024 (gerado 05/10/2024 02:00:41; cópia fiel em raw.githubusercontent.com/hermesalvesbr/checkin-eleitoral/main/public/locais/eleitorado_local_votacao_2024_MT_part1.json)";2024;91677;VÁRZEA GRANDE;CENTRO;Convencional;0041 0292 0513;0245 0261 0324;924;;
0020;2143;ESCOLA MUNICIPAL FAUSTINO ANTONIO DA SILVA;RUA CLARO ALVES - QUADRA 80;COLINAS VERDEJANTES;78145548;-15.69363246;-56.15785584;"TSE eleitorado_local_votacao_2024 (gerado 05/10/2024 02:00:41; cópia fiel em raw.githubusercontent.com/hermesalvesbr/checkin-eleitoral/main/public/locais/eleitorado_local_votacao_2024_MT_part1.json)";2024;91677;VÁRZEA GRANDE;COLINAS VERDEJANTES;Convencional;0665 0666 0667;;829;;
0049;1015;E.E. DEPUTADO SALIM NADAF;RUA PAPA JOÃO PAULO, S/N;COHAB CRISTO REI;78118280;-15.65847934;-56.09836488;"TSE eleitorado_local_votacao_2024 (gerado 05/10/2024 02:00:41; cópia fiel em raw.githubusercontent.com/hermesalvesbr/checkin-eleitoral/main/public/locais/eleitorado_local_votacao_2024_MT_part1.json)";2024;91677;VÁRZEA GRANDE;COHAB CRISTO REI;Convencional;0001 0002 0003 0004 0005 0006 0007 0008 0009 0010 0011 0012 0013 0095 0102;;5106;;
0049;1023;E.E. JULIO STRUBING MULLER;RUA ARY PAES BARRETO, S/N;CRISTO REI;78118000;-15.644961;-56.097117;"TSE eleitorado_local_votacao_2024 (gerado 05/10/2024 02:00:41; cópia fiel em raw.githubusercontent.com/hermesalvesbr/checkin-eleitoral/main/public/locais/eleitorado_local_votacao_2024_MT_part1.json)";2024;91677;VÁRZEA GRANDE;CRISTO REI;Temporário;0014 0015 0016 0017 0018 0108 0114 0117 0127 0134;;3027;1821 UNIVAG - CENTRO UNIVERSITÁRIO DE VÁRZEA GRANDE;"todas as seções votam em local temporário; bairro/coordenadas são do local temporário"
0049;1040;E.E. DEPUTADO EMANUEL PINHEIRO;AV. DOM ORLANDO CHAVES,  778 (ANTIGO BAIRRO MANGA);PONTE NOVA;78115802;-15.63317865;-56.10864516;"TSE eleitorado_local_votacao_2024 (gerado 05/10/2024 02:00:41; cópia fiel em raw.githubusercontent.com/hermesalvesbr/checkin-eleitoral/main/public/locais/eleitorado_local_votacao_2024_MT_part1.json)";2024;91677;VÁRZEA GRANDE;PONTE NOVA;Convencional;0022 0023 0024 0025 0026 0027 0028 0103;;3038;;
0049;1058;E.E. JOSÉ LEITE DE MORAES;RUA SENADOR VICENTE VUOLO, S/N (ANTIGA - ISABEL PINTO);CRISTO REI;78117430;-15.64376872;-56.10522207;"TSE eleitorado_local_votacao_2024 (gerado 05/10/2024 02:00:41; cópia fiel em raw.githubusercontent.com/hermesalvesbr/checkin-eleitoral/main/public/locais/eleitorado_local_votacao_2024_MT_part1.json)";2024;91677;VÁRZEA GRANDE;CRISTO REI;Convencional;0019 0020 0021 0029 0030 0031 0032 0033 0034 0035 0036 0037 0038 0233;;5109;;
0049;1066;ESCOLA ROBERTO COCHRANE SIMONSEN (SESI);AV. DOM ORLANDO CHAVES, 1068;PONTE NOVA;78116128;-15.63605883;-56.10669553;"TSE eleitorado_local_votacao_2024 (gerado 05/10/2024 02:00:41; cópia fiel em raw.githubusercontent.com/hermesalvesbr/checkin-eleitoral/main/public/locais/eleitorado_local_votacao_2024_MT_part1.json)";2024;91677;VÁRZEA GRANDE;PONTE NOVA;Convencional;0040 0041 0042 0099 0107 0124;0043 0044 0045 0046 0047 0125;2517;;
0049;1074;E.E. MANOEL GOMES;RUA BARNABÉ DE MESQUITA (LOT. MANGA), S/N;PONTE NOVA;78115540;-15.63129111;-56.11425055;"TSE eleitorado_local_votacao_2024 (gerado 05/10/2024 02:00:41; cópia fiel em raw.githubusercontent.com/hermesalvesbr/checkin-eleitoral/main/public/locais/eleitorado_local_votacao_2024_MT_part1.json)";2024;91677;VÁRZEA GRANDE;PONTE NOVA;Convencional;0048 0049 0050 0051 0052 0104 0135;;1596;;
0049;1082;E.E. PROFESSOR DEMÉTRIO DE SOUZA;AV. TRICOLOR (LOT. MARINGA I), S/N;PARQUE DO LAGO;78120595;-15.66939056;-56.08599263;"TSE eleitorado_local_votacao_2024 (gerado 05/10/2024 02:00:41; cópia fiel em raw.githubusercontent.com/hermesalvesbr/checkin-eleitoral/main/public/locais/eleitorado_local_votacao_2024_MT_part1.json)";2024;91677;VÁRZEA GRANDE;PARQUE DO LAGO;Convencional;0053 0054 0055 0091 0094 0123 0130 0147 0225;;3361;;
0049;1090;E.E. HEROCLITO LEÔNCIO MONTEIRO;RUA COSTA RICA, S/N;COHAB SANTA FÉ (ANTIGA JAIME CAMPOS);78118508;-15.6489868;-56.0909605;"TSE eleitorado_local_votacao_2024 (gerado 05/10/2024 02:00:41; cópia fiel em raw.githubusercontent.com/hermesalvesbr/checkin-eleitoral/main/public/locais/eleitorado_local_votacao_2024_MT_part1.json)";2024;91677;VÁRZEA GRANDE;COHAB SANTA FÉ (ANTIGA JAIME CAMPOS);Temporário;0056 0057 0058 0100 0118 0133 0215 0231;;3012;1856 IGREJA CATÓLICA IMIGRANTES;"todas as seções votam em local temporário; bairro/coordenadas são do local temporário"
0049;1104;E.E. DUNGA RODRIGUES;AV. JULIÃO DE BRITO, 520;PARQUE DO LAGO;78120722;-15.66003654;-56.09050312;"TSE eleitorado_local_votacao_2024 (gerado 05/10/2024 02:00:41; cópia fiel em raw.githubusercontent.com/hermesalvesbr/checkin-eleitoral/main/public/locais/eleitorado_local_votacao_2024_MT_part1.json)";2024;91677;VÁRZEA GRANDE;PARQUE DO LAGO;Convencional;0059 0060 0061 0062 0063 0064 0065 0066 0221 0232;;3704;;
0049;1171;E.E. MANOEL CORREIA DE ALMEIDA;RUA MARIANO DE CAMPOS MAIA (RESID. ALAMEDA), S/N;PONTE NOVA;78115140;-15.62488911;-56.09870661;"TSE eleitorado_local_votacao_2024 (gerado 05/10/2024 02:00:41; cópia fiel em raw.githubusercontent.com/hermesalvesbr/checkin-eleitoral/main/public/locais/eleitorado_local_votacao_2024_MT_part1.json)";2024;91677;VÁRZEA GRANDE;PONTE NOVA;Convencional;0082 0083 0084 0085 0120 0214;;2126;;
0049;1198;E.M.E.B. TENENTE WALDEMIRO DELGADO BERTULIO;AV. SÃO GONÇALO, S/N;PARQUE DO LAGO;78120783;-15.66995259;-56.09553308;"TSE eleitorado_local_votacao_2024 (gerado 05/10/2024 02:00:41; cópia fiel em raw.githubusercontent.com/hermesalvesbr/checkin-eleitoral/main/public/locais/eleitorado_local_votacao_2024_MT_part1.json)";2024;91677;VÁRZEA GRANDE;PARQUE DO LAGO;Convencional;0087 0132 0228;;1128;;
0049;1201;E.M.E.B. MÁRIO ANTUNES DE ALMEIDA;RUA GARIBALDI (LOT JD UNIÃO), S/N;CRISTO REI;78000000;-15.65605735;-56.09317492;"TSE eleitorado_local_votacao_2024 (gerado 05/10/2024 02:00:41; cópia fiel em raw.githubusercontent.com/hermesalvesbr/checkin-eleitoral/main/public/locais/eleitorado_local_votacao_2024_MT_part1.json)";2024;91677;VÁRZEA GRANDE;CRISTO REI;Convencional;0088 0116 0148;;933;;
0049;1210;E.E. PROFESSOR HONÓRIO RODRIGUES AMORIM;RUA HONÓRIO RODRIGUES, S/N (ANTIGA RUA 14);COHAB DOM ORLANDO CHAVES;78118184;-15.63940854;-56.09821156;"TSE eleitorado_local_votacao_2024 (gerado 05/10/2024 02:00:41; cópia fiel em raw.githubusercontent.com/hermesalvesbr/checkin-eleitoral/main/public/locais/eleitorado_local_votacao_2024_MT_part1.json)";2024;91677;VÁRZEA GRANDE;COHAB DOM ORLANDO CHAVES;Convencional;0089 0115 0144;;955;;
0049;1228;E.E. DOM BOSCO;AV. PRINCIPAL, S/N;COHAB DOM BOSCO;78118000;-15.64858185;-56.09746438;"TSE eleitorado_local_votacao_2024 (gerado 05/10/2024 02:00:41; cópia fiel em raw.githubusercontent.com/hermesalvesbr/checkin-eleitoral/main/public/locais/eleitorado_local_votacao_2024_MT_part1.json)";2024;91677;VÁRZEA GRANDE;COHAB DOM BOSCO;Convencional;0090 0097 0112 0129 0136 0226 0353;;2355;;
0049;1244;E.E. PROFESSOR JOSÉ MENDES MARTINS;JOÃO LOPES MACEDO, SN;PARQUE DO LAGO;78120520;-15.66367886;-56.08887172;"TSE eleitorado_local_votacao_2024 (gerado 05/10/2024 02:00:41; cópia fiel em raw.githubusercontent.com/hermesalvesbr/checkin-eleitoral/main/public/locais/eleitorado_local_votacao_2024_MT_part1.json)";2024;91677;VÁRZEA GRANDE;PARQUE DO LAGO;Convencional;0092 0098 0111 0119 0131 0142 0219;;2576;;
0049;1252;E.M.E.B. PROFESSORA JUVENILIA MONTEIRO DE OLIVEIRA;RUA PRINCIPAL DISTRITO ENGORDADOR;ENGORDADOR;78118110;-15.68240036;-56.10463223;"TSE eleitorado_local_votacao_2024 (gerado 05/10/2024 02:00:41; cópia fiel em raw.githubusercontent.com/hermesalvesbr/checkin-eleitoral/main/public/locais/eleitorado_local_votacao_2024_MT_part1.json)";2024;91677;VÁRZEA GRANDE;ENGORDADOR;Convencional;0101 0121;;768;;
0049;1260;CENTRO EDUCACIONAL SALVELINA FERREIRA DA SILVA;AV. SÃO SEBASTIÃO, S/N;MARINGÁ III;78110002;-15.65515124;-56.0897174;"TSE eleitorado_local_votacao_2024 (gerado 05/10/2024 02:00:41; cópia fiel em raw.githubusercontent.com/hermesalvesbr/checkin-eleitoral/main/public/locais/eleitorado_local_votacao_2024_MT_part1.json)";2024;91677;VÁRZEA GRANDE;MARINGA III;Convencional;0070 0071 0072 0073 0074 0086 0113 0122 0128;;2200;;
0049;1287;E.M.E.B. APOLONIO FRUTUOSO DA SILVA;AV. WALTER FONTANA (LOT V ALEGRE), SN;PONTE NOVA;78115415;-15.63133398;-56.10238661;"TSE eleitorado_local_votacao_2024 (gerado 05/10/2024 02:00:41; cópia fiel em raw.githubusercontent.com/hermesalvesbr/checkin-eleitoral/main/public/locais/eleitorado_local_votacao_2024_MT_part1.json)";2024;91677;VÁRZEA GRANDE;PONTE NOVA;Convencional;0138 0216 0354;;811;;
0049;1295;E.M.E.B. ANA ROSA DA SILVA;AV. DOM ORLANDO CHAVES (LOT. LGA JACARÉ), S/N;CRISTO REI;78118148;-15.65256688;-56.10107756;"TSE eleitorado_local_votacao_2024 (gerado 05/10/2024 02:00:41; cópia fiel em raw.githubusercontent.com/hermesalvesbr/checkin-eleitoral/main/public/locais/eleitorado_local_votacao_2024_MT_part1.json)";2024;91677;VÁRZEA GRANDE;CRISTO REI;Convencional;0137 0139 0145 0213 0222;;1099;;
0049;1309;E.M.E.B. PROFESSORA MARIA JOANA DA SILVA ALMEIDA;RUA B, QD. 05, SN;UNIPARK;78115000;-15.6776947;-56.09035337;"TSE eleitorado_local_votacao_2024 (gerado 05/10/2024 02:00:41; cópia fiel em raw.githubusercontent.com/hermesalvesbr/checkin-eleitoral/main/public/locais/eleitorado_local_votacao_2024_MT_part1.json)";2024;91677;VÁRZEA GRANDE;UNIPARK;Convencional;0140 0224;;760;;
0049;1317;E.E. DOMINGOS SÁVIO BRANDÃO DE LIMA;RUA MANOEL VARGAS, S/N;CRISTO REI;78117428;-15.64478555;-56.10508435;"TSE eleitorado_local_votacao_2024 (gerado 05/10/2024 02:00:41; cópia fiel em raw.githubusercontent.com/hermesalvesbr/checkin-eleitoral/main/public/locais/eleitorado_local_votacao_2024_MT_part1.json)";2024;91677;VÁRZEA GRANDE;CRISTO REI;Convencional;0039 0093 0096 0106 0126 0141 0146;;1573;;
0049;1325;E.E. HERNANDY MAURICIO BARACAT DE ARRUDA;RUA MORADA NOVA (LOT. PRQ LAGO), SN;PARQUE DO LAGO;78120722;-15.66003654;-56.09050312;"TSE eleitorado_local_votacao_2024 (gerado 05/10/2024 02:00:41; cópia fiel em raw.githubusercontent.com/hermesalvesbr/checkin-eleitoral/main/public/locais/eleitorado_local_votacao_2024_MT_part1.json)";2024;91677;VÁRZEA GRANDE;PARQUE DO LAGO;Convencional;0067 0068 0069 0105 0143 0223;;1680;1104 E.E. DUNGA RODRIGUES;"todas as seções votam em local temporário; bairro/coordenadas são do local temporário"
0049;1333;E.M.E.B. PROF. MARIA BARBOSA MARTINS;AV. GIL JOÃO DA SILVA, S/N;DISTRITO DE BONSUCESSO;78166000;-15.71631493;-56.10593477;"TSE eleitorado_local_votacao_2024 (gerado 05/10/2024 02:00:41; cópia fiel em raw.githubusercontent.com/hermesalvesbr/checkin-eleitoral/main/public/locais/eleitorado_local_votacao_2024_MT_part1.json)";2024;91677;VÁRZEA GRANDE;DISTRITO DE BONSUCESSO;Convencional;0149 0150;;714;;
0049;1341;E.M.E.B. MARIA DE LOURDES TOLEDO AREIAS;RUA PAULINO PINTO DE GODOY (ESTRADA DA PRAIA GRANDE);CAPÃO DO PEQUI;78134252;-15.75768997;-56.14517979;"TSE eleitorado_local_votacao_2024 (gerado 05/10/2024 02:00:41; cópia fiel em raw.githubusercontent.com/hermesalvesbr/checkin-eleitoral/main/public/locais/eleitorado_local_votacao_2024_MT_part1.json)";2024;91677;VÁRZEA GRANDE;CAPÃO DO PEQUI;Convencional;0153;0151;401;;
0049;1350;CAMARA MUNICIPAL DE VARZEA GRANDE;AV. CASTELO BRANCO, S/N;JARDIM IMPERADOR;78125700;-15.66218061;-56.13238099;"TSE eleitorado_local_votacao_2024 (gerado 05/10/2024 02:00:41; cópia fiel em raw.githubusercontent.com/hermesalvesbr/checkin-eleitoral/main/public/locais/eleitorado_local_votacao_2024_MT_part1.json)";2024;91677;VÁRZEA GRANDE;JARDIM IMPERADOR;Convencional;0154 0155 0156 0157 0175 0176 0177;;1818;1775 CENTRO DE CONVIVÊNCIA CADERNO II;"todas as seções votam em local temporário; bairro/coordenadas são do local temporário"
0049;1384;E.E. PROFESSORA ADALGISA DE BARROS;AV. PEDRO PEDROSSIAN, S/N;JARDIM AEROPORTO;78110069;-15.65072186;-56.12731803;"TSE eleitorado_local_votacao_2024 (gerado 05/10/2024 02:00:41; cópia fiel em raw.githubusercontent.com/hermesalvesbr/checkin-eleitoral/main/public/locais/eleitorado_local_votacao_2024_MT_part1.json)";2024;91677;VÁRZEA GRANDE;JARDIM AEROPORTO;Convencional;0165 0166 0167 0168 0169 0170 0171 0172 0173 0174 0229;;4302;;
0049;1406;E.E. PROFESSOR VANIL STABILITO;RUA JOÃO AUGUSTO DE FIGUEIREDO(LOT C N S GUIA), 10;CENTRO;78130095;-15.66535887;-56.13511403;"TSE eleitorado_local_votacao_2024 (gerado 05/10/2024 02:00:41; cópia fiel em raw.githubusercontent.com/hermesalvesbr/checkin-eleitoral/main/public/locais/eleitorado_local_votacao_2024_MT_part1.json)";2024;91677;VÁRZEA GRANDE;CENTRO;Convencional;0178 0179 0180 0181 0182 0183 0184 0185 0186;;2594;;
0049;1422;QUINTA CIRETRAN;PRES ARTHUR BERNARDES   SN;JARDIM AEROPORTO;78000000;-15.65854669;-56.12343686;"TSE eleitorado_local_votacao_2024 (gerado 05/10/2024 02:00:41; cópia fiel em raw.githubusercontent.com/hermesalvesbr/checkin-eleitoral/main/public/locais/eleitorado_local_votacao_2024_MT_part1.json)";2024;91677;VÁRZEA GRANDE;JARDIM AEROPORTO;Convencional;0188 0189;0187 0190;738;1830 CENTRO DE CONVIVÊNCIA DO IDOSO - VOVÔ ZEID;parte das seções vota em local temporário
0049;1430;E.E. ELMAZ GATTAS MONTEIRO;AV. MARECHAL HERMES DA FONSECA, S/N;IPASE;78110798;-15.66183545;-56.12463478;"TSE eleitorado_local_votacao_2024 (gerado 05/10/2024 02:00:41; cópia fiel em raw.githubusercontent.com/hermesalvesbr/checkin-eleitoral/main/public/locais/eleitorado_local_votacao_2024_MT_part1.json)";2024;91677;VÁRZEA GRANDE;IPASE;Convencional;0191 0192 0193 0194 0195 0196 0197 0198 0199 0200 0218 0227 0355;;5086;;
0049;1457;E.E. GONCALO BOTELHO DE CAMPOS;RUA JACOB DO BANDOLIM, 30;JARDIM COSTA VERDE;78115000;-15.67921174;-56.12271994;"TSE eleitorado_local_votacao_2024 (gerado 05/10/2024 02:00:41; cópia fiel em raw.githubusercontent.com/hermesalvesbr/checkin-eleitoral/main/public/locais/eleitorado_local_votacao_2024_MT_part1.json)";2024;91677;VÁRZEA GRANDE;JARDIM COSTA VERDE;Convencional;0201 0202 0203 0204 0205 0206 0207 0208 0217 0220 0230 0234;0360;4723;1783 E.M.E.B. EMANUEL BENEDITO DE ARRUDA;parte das seções vota em local temporário
0049;1465;E.E. MIGUEL BARACAT;AV. PRESIDENTE EURICO GASPAR DUTRA, 200;PIRINEU;78125200;-15.66501826;-56.11749629;"TSE eleitorado_local_votacao_2024 (gerado 05/10/2024 02:00:41; cópia fiel em raw.githubusercontent.com/hermesalvesbr/checkin-eleitoral/main/public/locais/eleitorado_local_votacao_2024_MT_part1.json)";2024;91677;VÁRZEA GRANDE;PIRINEU;Convencional;0209 0210 0211 0212;;1424;;
0049;1473;E.E. PEDRO GARDES;AV. FILINTO MULLER, 1511;CENTRO;78110056;-15.64819027;-56.13454606;"TSE eleitorado_local_votacao_2024 (gerado 05/10/2024 02:00:41; cópia fiel em raw.githubusercontent.com/hermesalvesbr/checkin-eleitoral/main/public/locais/eleitorado_local_votacao_2024_MT_part1.json)";2024;91677;VÁRZEA GRANDE;CENTRO;Convencional;0235 0236 0237 0238 0239 0240 0241 0242 0243 0357;;3675;;
0049;1481;E.M.E.B. PROF.ANTONIO SALUSTIO AREIAS;AV. LEONCIO LOPES MIRANDA, S/N;CAPELA DO PIÇARRÃO;78110000;-15.69698664;-56.12924444;"TSE eleitorado_local_votacao_2024 (gerado 05/10/2024 02:00:41; cópia fiel em raw.githubusercontent.com/hermesalvesbr/checkin-eleitoral/main/public/locais/eleitorado_local_votacao_2024_MT_part1.json)";2024;91677;VÁRZEA GRANDE;CAPELA DO PIÇARRÃO;Convencional;0244 0245 0247 0248 0249;;1443;;
0049;1490;E.M.E.B. TENENTE ABILIO DE MORAES;RUA PROJETADA S/N;COHAB 15 DE MAIO;78150000;-15.70214662;-56.13147465;"TSE eleitorado_local_votacao_2024 (gerado 05/10/2024 02:00:41; cópia fiel em raw.githubusercontent.com/hermesalvesbr/checkin-eleitoral/main/public/locais/eleitorado_local_votacao_2024_MT_part1.json)";2024;91677;VÁRZEA GRANDE;COHAB 15 DE MAIO;Convencional;0250 0251 0252 0253;;1292;;
0049;1503;E.E. MARIA DA CUNHA BRUNO;AV. A S/N;JARDIM PRIMAVERA;78132694;-15.68925699;-56.13342792;"TSE eleitorado_local_votacao_2024 (gerado 05/10/2024 02:00:41; cópia fiel em raw.githubusercontent.com/hermesalvesbr/checkin-eleitoral/main/public/locais/eleitorado_local_votacao_2024_MT_part1.json)";2024;91677;VÁRZEA GRANDE;JARDIM PRIMAVERA;Convencional;0254 0256 0257 0258 0259 0260;0362;2355;;
0049;1511;E.M.E.B. PROFESSORA RUTH MARTINS SANTANA;RUA N, S/N;JARDIM IKARAÍ;78130370;-15.66971674;-56.13727432;"TSE eleitorado_local_votacao_2024 (gerado 05/10/2024 02:00:41; cópia fiel em raw.githubusercontent.com/hermesalvesbr/checkin-eleitoral/main/public/locais/eleitorado_local_votacao_2024_MT_part1.json)";2024;91677;VÁRZEA GRANDE;JARDIM IKARAÍ;Convencional;0261 0262 0263 0264 0265 0266;;2328;;
0049;1520;E.M.E.B. VEREADOR ESTEVÃO FERREIRA DA CUNHA;RUA PRINCIPAL, S/N;DISTRITO DE SOUZA LIMA;78110000;-15.72073475;-56.1244608;"TSE eleitorado_local_votacao_2024 (gerado 05/10/2024 02:00:41; cópia fiel em raw.githubusercontent.com/hermesalvesbr/checkin-eleitoral/main/public/locais/eleitorado_local_votacao_2024_MT_part1.json)";2024;91677;VÁRZEA GRANDE;DISTRITO DE SOUZA LIMA;Convencional;0267 0268 0269;;662;;
0049;1538;E.M.E.B. VEREADOR ZENO DE OLIVEIRA;RUA ANTIDIO MANOEL DA SILVA, S/N;DISTRITO PAI ANDRÉ;78110798;-15.75025289;-56.12025706;"TSE eleitorado_local_votacao_2024 (gerado 05/10/2024 02:00:41; cópia fiel em raw.githubusercontent.com/hermesalvesbr/checkin-eleitoral/main/public/locais/eleitorado_local_votacao_2024_MT_part1.json)";2024;91677;VÁRZEA GRANDE;DISTRITO PAI ANDRÉ;Convencional;0270;0363;399;;
0049;1546;E.M.E.B. EURAIDE DE PAULA;AV. PRINCIPAL, S/N  -  DISTRITO DE LIMPO GRANDE;ZONA RURAL;78118110;-15.7492768;-56.18113315;"TSE eleitorado_local_votacao_2024 (gerado 05/10/2024 02:00:41; cópia fiel em raw.githubusercontent.com/hermesalvesbr/checkin-eleitoral/main/public/locais/eleitorado_local_votacao_2024_MT_part1.json)";2024;91677;VÁRZEA GRANDE;ZONA RURAL;Convencional;0272;0271;392;;
0049;1570;E.M.E.B. PROFESSORA LUCIA LEITE RODRIGUES;RUA VARZEA GRANDE (LOT N M GROSSO), S/N;CAPÃO DO PEQUI;78134288;-15.74214084;-56.16150101;"TSE eleitorado_local_votacao_2024 (gerado 05/10/2024 02:00:41; cópia fiel em raw.githubusercontent.com/hermesalvesbr/checkin-eleitoral/main/public/locais/eleitorado_local_votacao_2024_MT_part1.json)";2024;91677;VÁRZEA GRANDE;CAPÃO DO PEQUI;Convencional;0281 0282 0283 0284;;1480;;
0049;1589;E.M.E.B. PROFESSORA LIBIA DA COSTA RONDON;AV.PRINCIPAL DE ACESSO PRAIA GRANDE S/N;RESIDENCIAL JARDIM BOTÂNICO;78150000;-15.71731558;-56.13784073;"TSE eleitorado_local_votacao_2024 (gerado 05/10/2024 02:00:41; cópia fiel em raw.githubusercontent.com/hermesalvesbr/checkin-eleitoral/main/public/locais/eleitorado_local_votacao_2024_MT_part1.json)";2024;91677;VÁRZEA GRANDE;RESIDENCIAL JARDIM BOTÂNICO;Convencional;0285 0286 0287 0288 0289 0290 0291 0351;;2848;;
0049;1635;E.E. FERNANDO LEITE DE CAMPOS;AV. ALZIRA SANTANA, N 347;CENTRO;78110087;-15.65376798;-56.13820291;"TSE eleitorado_local_votacao_2024 (gerado 05/10/2024 02:00:41; cópia fiel em raw.githubusercontent.com/hermesalvesbr/checkin-eleitoral/main/public/locais/eleitorado_local_votacao_2024_MT_part1.json)";2024;91677;VÁRZEA GRANDE;CENTRO;Convencional;0301 0302 0303 0306 0310 0312 0313 0314;0299 0300 0304 0305 0307 0308 0309 0311;3529;;
0049;1643;CENTRO DE ESPECIALIDADES - POSTO DE SAÚDE;RUA SÃO PEDRO, 78;CENTRO;78110102;-15.65162859;-56.13618917;"TSE eleitorado_local_votacao_2024 (gerado 05/10/2024 02:00:41; cópia fiel em raw.githubusercontent.com/hermesalvesbr/checkin-eleitoral/main/public/locais/eleitorado_local_votacao_2024_MT_part1.json)";2024;91677;VÁRZEA GRANDE;CENTRO;Convencional;0315 0317 0318;0316 0319 0320 0321;819;;
0049;1660;E.M.E.B. LUIZ REVELES PEREIRA;RUA N, QUADRA 26, S/N;JARDIM IKARAÍ;78148050;;;"TSE eleitorado_local_votacao_2024 (gerado 05/10/2024 02:00:41; cópia fiel em raw.githubusercontent.com/hermesalvesbr/checkin-eleitoral/main/public/locais/eleitorado_local_votacao_2024_MT_part1.json)";2024;91677;VÁRZEA GRANDE;JARDIM IKARAÍ;Temporário;0332 0333 0350;;1165;1848 CMEI IZABEL ANTUNES DE CAMPOS;"todas as seções votam em local temporário; bairro/coordenadas são do local temporário"
0049;1678;E.M.E.B. LENINE DE CAMPOS POVOAS;AV PRINCIPAL, SN;LOTEAMENTO PARQUE DAS ESTAÇÕES;78140033;-15.72717488;-56.15148802;"TSE eleitorado_local_votacao_2024 (gerado 05/10/2024 02:00:41; cópia fiel em raw.githubusercontent.com/hermesalvesbr/checkin-eleitoral/main/public/locais/eleitorado_local_votacao_2024_MT_part1.json)";2024;91677;VÁRZEA GRANDE;LOTEAMENTO PARQUE DAS ESTAÇÕES;Convencional;0334;;321;;
0049;1694;E.M.E.B. JOSE ESTEJO DE CAMPOS;RUA 23, QD 30;JARDIM VITÓRIA RÉGIA;78131210;-15.69690825;-56.1249976;"TSE eleitorado_local_votacao_2024 (gerado 05/10/2024 02:00:41; cópia fiel em raw.githubusercontent.com/hermesalvesbr/checkin-eleitoral/main/public/locais/eleitorado_local_votacao_2024_MT_part1.json)";2024;91677;VÁRZEA GRANDE;JARDIM VITORIA RÉGIA;Convencional;0335 0336 0352;0361;1183;;
0049;1708;E.M.E.B. JAIME VERISSIMO DE CAMPOS JÚNIOR;RUA SÃO PAULO S/N;NOVA VÁRZEA GRANDE;78135730;-15.66194895;-56.13702808;"TSE eleitorado_local_votacao_2024 (gerado 05/10/2024 02:00:41; cópia fiel em raw.githubusercontent.com/hermesalvesbr/checkin-eleitoral/main/public/locais/eleitorado_local_votacao_2024_MT_part1.json)";2024;91677;VÁRZEA GRANDE;NOVA VÁRZEA GRANDE;Convencional;0337 0338 0339 0356;;1284;;
0049;1732;SUPERINTENDÊNCIA FEDERAL DE AGRICULTURA PECUÁRIA E ABASTECIMENTO EM MT;ALAMEDA DR.  ANNIBAL MOLINA ,   S/N;PONTE NOVA;78115901;-15.61929059;-56.10882971;"TSE eleitorado_local_votacao_2024 (gerado 05/10/2024 02:00:41; cópia fiel em raw.githubusercontent.com/hermesalvesbr/checkin-eleitoral/main/public/locais/eleitorado_local_votacao_2024_MT_part1.json)";2024;91677;VÁRZEA GRANDE;PONTE NOVA;Convencional;0340;0341;190;1740 E.E. ANTONIO GERALDO GASPAROTO GATTIBONI;parte das seções vota em local temporário
0049;1740;E.E. ANTONIO GERALDO GASPAROTO GATTIBONI;RUA NAPOLEAO JOSE DA  COSTA, S/N;PONTE NOVA;78115040;-15.62818128;-56.11663536;"TSE eleitorado_local_votacao_2024 (gerado 05/10/2024 02:00:41; cópia fiel em raw.githubusercontent.com/hermesalvesbr/checkin-eleitoral/main/public/locais/eleitorado_local_votacao_2024_MT_part1.json)";2024;91677;VÁRZEA GRANDE;PONTE NOVA;Convencional;0342 0343 0344 0345;;1078;;
0049;1759;CENTRO DE HABILITAÇÃO PROFISSIONAL PROFESSORA CELIA RODRIGUES DUQUE;RUA MIGUEL LEITE, 226;CENTRO;78110087;-15.65376798;-56.13820291;"TSE eleitorado_local_votacao_2024 (gerado 05/10/2024 02:00:41; cópia fiel em raw.githubusercontent.com/hermesalvesbr/checkin-eleitoral/main/public/locais/eleitorado_local_votacao_2024_MT_part1.json)";2024;91677;VÁRZEA GRANDE;CENTRO;Convencional;0346 0347 0348 0349;;1278;1635 E.E. FERNANDO LEITE DE CAMPOS;"todas as seções votam em local temporário; bairro/coordenadas são do local temporário"
0049;1775;CENTRO DE CONVIVÊNCIA CADERNO II;AV. CASTELO BRANCO, S/N;JARDIM IMPERADOR;78125200;-15.66495263;-56.13242368;"TSE eleitorado_local_votacao_2024 (gerado 05/10/2024 02:00:41; cópia fiel em raw.githubusercontent.com/hermesalvesbr/checkin-eleitoral/main/public/locais/eleitorado_local_votacao_2024_MT_part1.json)";2024;91677;VÁRZEA GRANDE;JARDIM IMPERADOR;Convencional;;0358;43;1350 CAMARA MUNICIPAL DE VARZEA GRANDE;"todas as seções votam em local temporário; bairro/coordenadas são do local temporário"
0049;1783;E.M.E.B. EMANUEL BENEDITO DE ARRUDA;RUA SÃO FRANCISCO DE ASSIS, S/N - QUADRA 26;JARDIM COSTA VERDE;78115000;-15.67921174;-56.12271994;"TSE eleitorado_local_votacao_2024 (gerado 05/10/2024 02:00:41; cópia fiel em raw.githubusercontent.com/hermesalvesbr/checkin-eleitoral/main/public/locais/eleitorado_local_votacao_2024_MT_part1.json)";2024;91677;VÁRZEA GRANDE;JARDIM COSTA VERDE;Convencional;;0359;67;1457 E.E. GONCALO BOTELHO DE CAMPOS;"todas as seções votam em local temporário; bairro/coordenadas são do local temporário"
